RA_ICRS,DE_ICRS,Source,Plx,e_Plx,PM,pmRA,pmDE,Solved,nueff,pscol,RUWE,Gmag,BPmag,RPmag,BP-RP,RV,ELAT,RAJ2000,DEJ2000,Plx_corr,aux,pert_class,BPmag-RPmag,min,max,std,avg,mode,median,Q1,Q3,excl
40.58209999568,61.30046311835,465620501239598464,0.9339,0.0764,2.465,-1.724,1.762,31,1.387,,0.944,17.292261,18.116209,16.410831,1.705378,,42.88307968614,40.58211595094,61.30045528515,0.965124,0.5312968073182509,1,1.7053779999999996,0.0,0.7540653347969055,0.26312965154647827,0.641706645488739,0.7400000095367432,0.7540653347969055,0.7540653347969055,0.7540653347969055,0.1574455052614212
40.65481178639,61.34451304967,465621050995366528,0.9779,0.4969,1.598,-0.753,1.409,95,,1.4288,1.066,20.0277,20.431705,19.168825,1.26288,,42.90883319972,40.65481876634,61.34450678617,1.003614,0.45282261395870793,1,1.2628800000000027,0.0,0.8146079778671265,0.31763431429862976,0.15234322845935822,0.0,0.0,0.0,2.802596928649634e-45,0.8129858374595642
40.65700285679,61.36876394169,465621149774787840,0.9705,0.136,2.652,-1.619,2.1,31,1.338,,1.006,18.314913,19.330532,17.374065,1.956467,,42.93049656939,40.65701787391,61.36875460701,0.994848,0.4123670079265947,1,1.956467,0.843625545501709,0.843625545501709,1.1102230246251565e-16,0.843625545501709,0.8399999737739563,0.843625545501709,0.843625545501709,0.843625545501709,0.0
41.01812238912,61.31116872912,465622253583048064,1.0119,0.6141,1.341,-0.821,1.061,95,,1.4396,1.111,20.38464,20.950722,19.591545,1.359177,,42.80686381011,41.01812998594,61.31116401499,1.046757,0.5760915219677297,1,1.359176999999999,0.0,0.7175723910331726,0.3495766818523407,0.27801692485809326,0.0,2.802596928649634e-45,2.802596928649634e-45,0.7175723910331726,0.6125590801239014
40.82925456779,61.27158182618,465622558523828096,0.9092,0.0229,2.522,-1.697,1.865,31,1.462,,1.051,14.886359,15.440454,14.167191,1.273263,,42.80791837839,40.82927026071,61.27157353774,0.942492,0.586706315047052,1,1.273263,0.0,0.7087699174880981,0.31014272570610046,0.22609348595142365,0.0,0.008394608274102211,4.0609674556435493e-07,0.7087699174880981,0.7238225936889648
40.89106569564,61.30798746887,465622734622550784,0.8879,0.0354,2.53,-1.591,1.967,31,1.437,,0.925,15.99774,16.63229,15.221448,1.410842,,42.82894294869,40.89108042608,61.30797872712,0.91883,0.5409102186517437,1,1.4108420000000006,0.0,0.7463326454162598,0.11798173934221268,0.020218923687934875,0.0,4.644943351933724e-14,2.802596928649634e-45,1.0083712140840362e-06,0.9743941426277161
40.93923279234,61.35397787458,465623250018590080,0.8792,0.013,2.716,-1.721,2.102,31,1.582,,1.019,13.026036,13.295957,12.595498,0.700458,,42.86141683649,40.93924874717,61.35396853401,0.909319,0.48398537901986044,1,0.7004590000000004,2.802596928649634e-45,0.7911704778671265,0.33164486289024353,0.5322493314743042,0.7799999713897705,0.7911704778671265,0.16022427380084991,0.7911704778671265,0.42264899611473083
41.20643598688,61.38577095357,465624109012010368,0.9041,0.0199,2.651,-1.752,1.989,31,1.482,,0.989,14.575735,15.076125,13.905071,1.171054,-47.29,42.8380604852,41.20645225013,61.38576211318,0.937363,0.5696486993903743,1,1.1710539999999998,7.79055733947664e-26,0.7228889465332031,0.26719585061073303,0.31836408376693726,0.7200000286102295,0.2601386606693268,0.05281688645482063,0.5598928332328796,0.800487756729126
41.05909189414,61.37858433094,465624658767837824,0.9233,0.0337,1.836,-1.811,0.302,31,1.457,,0.983,15.898255,16.466692,15.17275,1.293942,,42.86034086194,41.05910869643,61.37858298683,0.956127,0.49891936967549205,1,1.2939419999999977,2.802596928649634e-45,0.7796419262886047,0.3412027359008789,0.5783443450927734,0.7599999904632568,0.7796419262886047,2.802596928649634e-45,0.7796419262886047,0.25819236040115356
41.04090843716,61.39075568622,465624723187631104,0.9121,0.0226,2.677,-1.779,2.0,31,1.475,,0.999,15.030902,15.546245,14.341561,1.204683,,42.87501037297,41.04092495397,61.39074679911,0.945159,0.4739887467748367,1,1.2046840000000003,8.379674447874132e-17,0.7987834811210632,0.26699376106262207,0.2925888001918793,0.0,0.226175457239151,0.04671603441238403,0.4912644028663635,0.8847736716270447
41.05325599858,61.40280828521,465625105444425344,0.8808,0.0242,2.755,-1.731,2.143,31,1.479,,0.986,15.098552,15.606346,14.417184,1.189162,,42.88358673058,41.0532720724,61.40279875868,0.913778,0.46446838963519016,1,1.1891619999999996,1.8199019505726932e-23,0.8059521913528442,0.2964429259300232,0.41694536805152893,0.800000011920929,0.3963405191898346,0.1309823840856552,0.8059521913528442,0.7413504123687744
41.08710819619,61.45112608562,465625479101966208,0.9899,0.2529,2.445,-1.51,1.923,95,,1.2909,0.992,19.169788,,,,,42.92104150431,41.08712223587,61.45111753817,1.015157,0.4262031382261849,1,0.0,2.802596928649634e-45,0.833893895149231,0.20880253612995148,0.7778434157371521,0.8199999928474426,0.833893895149231,0.833893895149231,0.833893895149231,0.06721536070108414
41.05797730366,61.44203347017,465625517761270144,0.8341,0.0488,2.756,-1.807,2.081,31,1.416,,0.982,16.685637,17.387783,15.868615,1.519168,,42.91844794657,41.05799410282,61.44202422264,0.863671,0.4191550280627025,1,1.5191679999999987,6.714758089831907e-12,0.8388772010803223,0.1923326551914215,0.7349619269371033,0.8199999928474426,0.8388772010803223,0.7123275399208069,0.8388772010803223,0.26200273633003235
40.7785431261,61.36784695441,465626101876878976,0.9788,0.0547,2.65,-1.828,1.918,31,1.41,,1.021,16.825521,17.559204,15.991653,1.567552,,42.9056846746,40.77856008093,61.36783843038,1.008683,0.4214021784480801,1,1.5675510000000017,6.622325798844031e-08,0.8372941613197327,0.27942904829978943,0.6392397284507751,0.8199999928474426,0.8372941613197327,0.4573356509208679,0.8372941613197327,0.40298736095428467
40.89685620284,61.39337696252,465626372455072128,0.9605,0.1751,2.853,-1.799,2.215,31,1.314,,0.998,18.786308,19.96154,17.757753,2.203787,,42.90567671577,40.89687290087,61.39336711856,0.979316,0.4101587399562521,1,2.2037869999999984,0.0,0.8451592922210693,0.29850006103515625,0.704995334148407,0.8399999737739563,0.8451592922210693,0.8451592922210693,0.8451592922210693,0.18823349475860596
40.85003156937,61.38449996322,465626445474247168,0.8309,0.026,2.632,-1.696,2.013,31,1.468,,0.977,15.281777,15.818916,14.576286,1.24263,,42.90679029382,40.85004730453,61.38449101452,0.863887,0.40963664851317083,1,1.2426300000000001,1.5838521558215792e-20,0.845521092414856,0.26367926597595215,0.2596723735332489,0.0,0.17123112082481384,0.023262452334165573,0.4395919442176819,0.9251638650894165
40.70477210388,61.38107732562,465626995230377344,0.884,0.0508,2.779,-1.841,2.082,31,1.416,,0.984,16.691833,17.353214,15.785248,1.567967,,42.932287629,40.70478918842,61.38106807217,0.913575,0.3921602716133118,1,1.567966000000002,4.203895392974451e-45,0.8574523329734802,0.21686111390590668,0.7371363639831543,0.8399999737739563,0.8574523329734802,0.7068108916282654,0.8574523329734802,0.24249352514743805
40.65810192663,61.3805057146,465627029589816448,0.8311,0.0789,2.899,-1.758,2.305,31,1.352,,0.983,17.24219,18.200571,16.285322,1.915249,,42.94097752916,40.65811824318,61.38049547227,0.8643829999999999,0.39277813738419176,1,1.9152489999999993,4.203895392974451e-45,0.8570365905761719,0.23318171501159668,0.76948082447052,0.8399999737739563,0.8570365905761719,0.8570365905761719,0.8570365905761719,0.13656455278396606
40.70020857528,61.41034906235,465627201388487296,0.9085,0.0334,2.724,-1.697,2.131,31,1.434,,0.956,15.877435,16.512743,15.100082,1.412661,,42.95986008714,40.7002243318,61.41033959004,0.941697,0.3432477246762838,1,1.412661,4.203895392974451e-45,0.8888569474220276,0.33783891797065735,0.40938225388526917,0.8799999952316284,0.3620050549507141,0.06954067945480347,0.7443405389785767,0.7456180453300476
40.84086802603,61.41740280552,465627407546903040,0.9026,0.0134,3.699,-1.952,3.141,31,1.403,,1.028,13.620323,14.362977,12.776562,1.586415,-17.32,42.93858928034,40.84088616267,61.41738884418,0.937383,0.35569983108579933,1,1.5864150000000006,0.0,0.8811544179916382,0.33340418338775635,0.7285875082015991,0.8799999952316284,0.8811544179916382,0.8811544179916382,0.8811544179916382,0.17314434051513672
40.92691776938,61.40969043444,465627888583237760,0.9135,0.03,2.102,-1.449,1.523,31,1.459,,0.983,15.555272,16.118668,14.827047,1.29162,,42.91464698138,40.92693122629,61.40968366392,0.946453,0.39711590895532906,1,1.2916209999999992,0.0,0.8541050553321838,0.2968269884586334,0.7340811491012573,0.8399999737739563,0.8541050553321838,0.8541050553321838,0.8541050553321838,0.14052735269069672
41.01070718515,61.44147063741,465628335259817216,0.8513,0.0145,4.974,-3.13,3.866,31,1.503,,1.022,13.901542,14.348137,13.279735,1.068402,,42.92719392486,41.01073628108,61.4414534546,0.8847889999999999,0.3935875180048849,1,1.068401999999999,0.8564912676811218,0.8564912676811218,0.0,0.8564912676811218,0.8399999737739563,0.8564912676811218,0.8564912676811218,0.8564912676811218,0.0
40.98131264049,61.47707991583,465628644497453568,0.9083,0.0359,2.78,-1.742,2.167,31,1.45,,0.998,15.983946,16.574532,15.239351,1.33518,,42.96543047387,40.98132885661,61.47707028668,0.939289,0.33466485555878417,1,1.3351810000000022,4.203895392974451e-45,0.8940437436103821,0.34285733103752136,0.5178248882293701,0.8799999952316284,0.5676552653312683,0.18105770647525787,0.8940437436103821,0.6021947860717773
41.00377909793,61.49413891297,465628777637342976,0.9137,0.3243,2.576,-1.856,1.787,31,1.28,,0.987,19.55206,20.830519,18.454979,2.37554,,42.97658635497,41.00379637937,61.49413096966,0.937445,0.32946384173100607,1,2.3755399999999973,0.8971372246742249,0.8971372246742249,1.1102230246251565e-16,0.8971372246742249,0.8799999952316284,0.8971372246742249,0.8971372246742249,0.8971372246742249,0.0
40.87954337411,61.45373419168,465628919375371776,0.9356,0.0838,2.694,-1.82,1.985,31,1.399,,1.195,17.146904,17.896376,16.282263,1.614113,,42.96410900454,40.87956030322,61.4537253674,0.966169,0.3146846260585951,1,1.6141129999999997,0.0015234436141327024,0.9057188034057617,0.1927570402622223,0.8035966753959656,0.8999999761581421,0.9057188034057617,0.778632640838623,0.9057188034057617,0.1722298413515091
40.81414360351,61.45144648417,465629159893544960,0.8999,0.0804,2.779,-1.812,2.106,31,1.388,,1.017,17.41755,18.210995,16.546736,1.664259,,42.9748760539,40.81416045701,61.45143712328,0.931191,0.2951028193341448,1,1.6642590000000013,1.0723257219069637e-05,0.9165985584259033,0.13944384455680847,0.8712224364280701,0.8999999761581421,0.9165985584259033,0.9165985584259033,0.9165985584259033,0.0742264911532402
40.79290729971,61.47790050964,465629228613014016,0.8499,0.0368,2.809,-1.768,2.183,31,1.447,,1.054,16.022806,16.6247,15.274234,1.350467,,43.00316078075,40.79292375151,61.47789080672,0.880042,0.24788549118813402,1,1.3504660000000008,9.865335826644692e-17,0.9404025673866272,0.3403026759624481,0.6356018781661987,0.9399999976158142,0.7751880288124084,0.3384130299091339,0.9404025673866272,0.41167503595352173
40.81634042211,61.48283081481,465629262972748928,0.8883,0.1892,2.756,-1.783,2.101,31,1.315,,1.014,18.898779,20.079119,17.85234,2.226778,,43.00304740635,40.81635702417,61.48282147813,0.905517,0.24799507199248677,1,2.226778999999997,5.387836949921621e-07,0.9403514862060547,0.14553670585155487,0.9109628200531006,0.9399999976158142,0.9403514862060547,0.9403514862060547,0.9403514862060547,0.039780519902706146
40.835987633,61.48088134352,465629293032956416,0.8222,0.143,2.636,-1.829,1.899,31,1.34,,1.044,18.449602,19.470081,17.449253,2.020828,,42.99741011449,40.83600465791,61.48087290372,0.844782,0.25816769220932656,1,2.0208280000000016,0.9355220794677734,0.9355220794677734,1.1102230246251565e-16,0.9355220794677734,0.9200000166893005,0.9355220794677734,0.9355220794677734,0.9355220794677734,0.0
40.83348914497,61.48263281943,465629293032958976,0.9191,0.0986,2.94,-1.744,2.367,31,1.368,,1.051,17.880875,18.764307,16.955729,1.808579,,42.99949729342,40.83350537955,61.4826222973,0.947256,0.25464975867502837,1,1.8085779999999971,0.0,0.9372113347053528,0.22380976378917694,0.8695288300514221,0.9200000166893005,0.9372113347053528,0.9372113347053528,0.9372113347053528,0.08626733720302582
40.83740939186,61.5050193289,465629400411695488,0.8659,0.0119,2.876,-1.842,2.209,31,1.598,,0.961,13.029446,13.267965,12.639159,0.628806,,43.01912989617,40.83742655442,61.50500951149,0.896393,0.22455138606798686,1,0.6288060000000009,4.203895392974451e-45,0.9508268237113953,0.33211636543273926,0.787571370601654,0.9399999976158142,0.9508268237113953,0.9508268237113953,0.9508268237113953,0.2027129977941513
40.90270589492,61.49522301168,465629499191404288,0.8578,0.2069,2.781,-1.828,2.095,31,1.319,,1.004,18.979755,20.17626,17.957,2.219259,,42.99738465096,40.90272291984,61.49521369845,0.873856,0.2694868585671511,1,2.2192599999999985,1.002206241626255e-25,0.9299511909484863,0.19220717251300812,0.8800850510597229,0.9200000166893005,0.9299511909484863,0.9299511909484863,0.9299511909484863,0.06660570204257965
40.94756238117,61.514760359,465629572210383104,0.8746,0.0161,2.735,-1.8,2.059,31,1.518,,1.027,14.222963,14.632948,13.637302,0.995645,,43.00640134589,40.94757915732,61.51475120939,0.907745,0.2730817457432376,1,0.9956460000000007,7.429251658308544e-12,0.9281391501426697,0.3324715197086334,0.6322833895683289,0.9200000166893005,0.7514586448669434,0.3339999318122864,0.9281391501426697,0.4602956771850586
40.95977903778,61.53165662764,465629675289596544,0.8711,0.0388,2.736,-1.917,1.952,31,1.42,,1.063,16.1564,16.83669,15.346031,1.49066,,43.01941248652,40.95979690825,61.53164795009,0.900073,0.2647516432990108,1,1.4906590000000008,4.203895392974451e-45,0.932306706905365,0.30597031116485596,0.260786235332489,0.0,0.11579994857311249,0.00853876955807209,0.4584774971008301,0.8049077987670898
40.94809439024,61.52240068163,465629675289597184,0.911,0.0956,2.66,-1.735,2.016,31,1.369,,0.959,17.799545,18.675413,16.90039,1.775022,,43.01326274187,40.94811056579,61.52239171941,0.94002,0.26572289013491135,1,1.7750229999999974,0.05449691787362099,0.9318264722824097,0.06810471415519714,0.9185764789581299,0.9200000166893005,0.9318264722824097,0.9318264722824097,0.9318264722824097,0.016918152570724487
40.47485109736,61.28913620269,465665959175274880,0.8482,0.023,2.572,-1.828,1.809,31,1.454,,1.012,14.927585,15.503132,14.184635,1.318497,,42.89401880476,40.47486801167,61.28912816201,0.8815339999999999,0.5680669349657586,1,1.3184970000000007,0.0,0.7241910696029663,0.3355485498905182,0.3303550183773041,0.7200000286102295,0.14665991067886353,0.0012181089259684086,0.7241910696029663,0.6015851497650146
40.31113823806,61.33385987448,465667161766109952,0.9868,0.0169,1.392,-1.269,0.573,31,1.47,,0.906,14.259977,14.789103,13.560778,1.228325,,42.9672525659,40.31114999076,61.33385732876,1.020295,0.5530911825462582,1,1.228325,0.0,0.7364529967308044,0.3351690173149109,0.5207141637802124,0.7200000286102295,0.7364529967308044,2.802596928649634e-45,0.7364529967308044,0.29294314980506897
40.56697267112,61.36892285883,465668016457919872,1.0062,0.0894,2.812,-1.915,2.059,31,1.367,,0.948,17.59454,18.462423,16.643782,1.818642,,42.94843563232,40.56699043463,61.36891370964,1.037628,0.4209932177201146,1,1.8186409999999995,9.026609317023052e-26,0.8375827074050903,0.22495025396347046,0.7485581040382385,0.8199999928474426,0.8375827074050903,0.8375827074050903,0.8375827074050903,0.16872428357601166
40.58732908647,61.38611502748,465668123838754304,0.8356,0.0225,2.779,-1.787,2.128,31,1.453,,0.955,14.958172,15.541428,14.219196,1.322231,,42.96006931772,40.58734566868,61.38610557068,0.868909,0.3897210475659506,1,1.3222319999999996,0.0,0.859089195728302,0.24981790781021118,0.2305556833744049,0.0,0.1396181434392929,0.014406927861273289,0.3966534733772278,0.944977879524231
40.40823299605,61.37006717859,465668776664158080,0.8875,0.6146,4.507,-2.65,3.645,95,,1.3948,1.0,19.828712,,,,,42.98092272554,40.40825757349,61.37005097731,0.912407,0.46229101368088554,1,0.0,0.8075801134109497,0.8075801134109497,0.0,0.8075801134109497,0.800000011920929,0.8075801134109497,0.8075801134109497,0.8075801134109497,0.0
40.40267970828,61.38274203684,465668776673793920,0.842,0.0696,2.712,-1.948,1.887,31,1.383,,1.026,17.138157,17.951698,16.250402,1.701296,,42.99356149764,40.40269778629,61.38273365002,0.873269,0.44579207335609866,1,1.7012959999999993,2.802596928649634e-45,0.8197707533836365,0.15587124228477478,0.7716233134269714,0.800000011920929,0.8197707533836365,0.8197707533836365,0.8197707533836365,0.11156836152076721
40.40907618823,61.37009417125,465668776673798912,0.9994,0.0277,2.741,-1.931,1.945,31,1.444,,1.037,15.468059,16.06792,14.692759,1.375162,,42.9807800289,40.40909410143,61.37008552573,1.03259,0.4619412720853189,1,1.3751610000000003,0.0,0.8078412413597107,0.28299757838249207,0.1792774796485901,0.0,0.02222578227519989,8.175710536306724e-05,0.2287401556968689,0.8599298596382141
40.5574442924,61.42501116143,465669188990625024,0.892,0.0208,2.613,-1.765,1.927,31,1.473,,1.071,14.705471,15.229218,14.012778,1.21644,,43.00140038902,40.55746069494,61.425002596,0.925216,0.33219296141213267,1,1.2164399999999986,4.203895392974451e-45,0.8955187201499939,0.3118804395198822,0.24383902549743652,0.0,0.07970811426639557,0.001506286789663136,0.4134734869003296,0.8634354472160339
40.50149158269,61.44644598205,465669463868520192,0.8456,0.0229,2.662,-1.758,1.999,31,1.46,,0.945,14.980259,15.539246,14.254309,1.284937,,43.03197958884,40.50150792902,61.44643709779,0.878792,0.3151177869168428,1,1.284937000000001,0.0,0.9054717421531677,0.31014513969421387,0.29621949791908264,0.0,0.18337205052375793,0.015184762887656689,0.5273541808128357,0.8515470027923584
40.25241332484,61.3729477633,465670387276416128,0.8191,0.0428,2.685,-1.786,2.004,31,1.409,,1.321,15.845112,16.554987,14.986992,1.567995,,43.01449762401,40.25242989675,61.37293885697,0.8529180000000001,0.5273965823130735,1,1.5679949999999998,0.0,0.7571853995323181,0.30038630962371826,0.29152846336364746,0.0,0.15334177017211914,0.01269800029695034,0.6048851609230042,0.7730528712272644
40.29832247027,61.41695874505,465672109568407808,0.8353,0.0746,2.794,-1.803,2.135,31,1.385,,1.028,17.169743,17.978476,16.286581,1.691895,,43.04541127965,40.29833921769,61.41694925728,0.866498,0.4479304336076174,1,1.6918949999999988,6.549292792118466e-12,0.8182055354118347,0.26065683364868164,0.6749236583709717,0.800000011920929,0.8182055354118347,0.6489517092704773,0.8182055354118347,0.28943759202957153
40.41781241183,61.44810314471,465672315726812928,0.9508,0.0771,2.736,-1.861,2.006,31,1.383,,1.006,17.238802,18.04234,16.36314,1.679199,,43.05005042476,40.41782971543,61.44809423086,0.982161,0.34742254209672596,1,1.679199999999998,1.0368768016633112e-05,0.8862976431846619,0.14041924476623535,0.8346903324127197,0.8799999952316284,0.8862976431846619,0.8862976431846619,0.8862976431846619,0.09312605112791061
40.44065582584,61.46883934429,465672517580321792,0.9823,0.1006,2.716,-1.978,1.86,31,1.364,,1.0,17.791061,18.687458,16.872498,1.81496,,43.06439936561,40.44067423248,61.4688310757,1.011668,0.3088482426953034,1,1.8149599999999992,0.015244281850755215,0.9090208411216736,0.03378388658165932,0.9066832065582275,0.8999999761581421,0.9090208411216736,0.9090208411216736,0.9090208411216736,0.003048315877094865
40.28102516786,61.49264258,465673312159204224,0.8056,0.0852,2.886,-2.043,2.038,95,,1.388,1.015,17.430922,18.03411,16.420073,1.614037,,43.11768911283,40.28104419366,61.49263352138,0.841164,0.3756165195039612,1,1.6140369999999997,6.951177047159751e-12,0.8684130907058716,0.22409719228744507,0.7826967239379883,0.8600000143051147,0.8684130907058716,0.8684130907058716,0.8684130907058716,0.13839353621006012
40.25353857991,61.50455742181,465673380878675072,0.9066,0.0446,2.782,-1.691,2.209,31,1.4,,0.981,16.464146,17.217386,15.603636,1.613751,,43.13397927093,40.25355433564,61.50454760393,0.936474,0.38401611980919287,1,1.6137500000000014,0.0,0.8628897070884705,0.32558107376098633,0.62675940990448,0.8600000143051147,0.8628897070884705,0.37078598141670227,0.8628897070884705,0.39414724707603455
40.3369029384,61.55210497904,465673930634442240,0.8925,0.023,2.694,-1.797,2.006,31,1.479,,1.026,15.003148,15.51054,14.321501,1.189039,,43.16069480075,40.33691970703,61.55209606249,0.92544,0.2899961977603471,1,1.189039000000001,1.722134136020571e-20,0.9193413257598877,0.29920825362205505,0.3249105215072632,0.0,0.24195383489131927,0.05376673489809036,0.5457756519317627,0.827008068561554
40.68110733176,61.43056424404,465674205512534784,0.8832,0.029,2.627,-1.803,1.911,31,1.44,,1.024,15.540681,16.161154,14.772822,1.388331,,42.98204453278,40.68112408578,61.43055574891,0.916424,0.3090768279743506,1,1.3883320000000001,0.0,0.9088924527168274,0.26350298523902893,0.16265392303466797,0.0,0.03098735399544239,0.00021632698189932853,0.1840648055076599,0.9099222421646118
40.63654254599,61.43477438319,465674377311102464,0.9085,0.0375,2.573,-1.628,1.992,31,1.419,,0.998,16.048529,16.734903,15.235831,1.499072,,42.99467074053,40.63655767998,61.43476552809,0.938628,0.3037487142881567,1,1.499072,0.0,0.9118650555610657,0.27649739384651184,0.12833963334560394,0.0,1.0667879905668087e-05,7.298986068327018e-12,0.05332949385046959,0.89544278383255
40.71484047157,61.43598164575,465674514750208384,0.9222,0.0382,2.536,-1.556,2.002,31,1.43,,1.16,15.838985,16.484438,15.042626,1.441812,,42.9803307289,40.71485493546,61.43597274806,0.95549,0.30153347078099724,1,1.4418120000000005,0.0,0.9130885601043701,0.09217121452093124,0.012915254570543766,0.0,7.308779449710645e-12,3.57308002469165e-29,1.068219353328459e-05,0.9902454018592834
40.68247119798,61.4428410915,465674579168077824,0.8586,0.1277,2.611,-1.843,1.849,31,1.34,,0.944,18.222073,19.203638,17.259268,1.94437,,42.99296002526,40.68248833271,61.44283287428,0.884028,0.28863091598054197,1,1.9443700000000028,0.9200679063796997,0.9200679063796997,1.1102230246251565e-16,0.9200679063796997,0.9200000166893005,0.9200679063796997,0.9200679063796997,0.9200679063796997,0.0
40.70113525308,61.50438670233,465675025844764928,0.9241,0.0812,2.768,-1.809,2.094,31,1.385,,1.017,17.421177,18.24676,16.542585,1.704174,,43.04534793291,40.70115210824,61.50437739498,0.955535,0.1870059499532153,1,1.7041749999999993,0.0002298319450346753,0.96563321352005,0.16823998093605042,0.9076549410820007,0.9599999785423279,0.96563321352005,0.96563321352005,0.96563321352005,0.05486968532204628
40.69552694666,61.49924400671,465675025845187072,0.9443,0.0743,2.324,-1.469,1.801,31,1.385,,1.002,17.362745,18.183931,16.474817,1.709114,,43.04176769144,40.69554062576,61.49923600349,0.97568,0.19514825673569575,1,1.7091139999999996,4.203895392974451e-45,0.9626331925392151,0.20961721241474152,0.9142566919326782,0.9599999785423279,0.9626331925392151,0.9626331925392151,0.9626331925392151,0.05060204118490219
40.58949882363,61.4891819868,465675305019607168,1.035,1.2467,2.956,-2.365,1.774,95,,1.3036,1.067,20.65665,20.975595,19.602388,1.373207,,43.05350340903,40.58952084256,61.48917410237,1.086536,0.22248679963567455,1,1.3732069999999972,0.0,0.9517048001289368,0.16635696589946747,0.9216784238815308,0.9399999976158142,0.9517048001289368,0.9517048001289368,0.9517048001289368,0.03155006840825081
40.49678693427,61.47112977412,465675403798349184,1.005,0.1331,2.8,-1.795,2.149,31,1.347,,0.97,18.243969,19.219248,17.283356,1.935892,,43.05538037531,40.49680363865,61.47112022506,1.0298539999999998,0.2806785222735161,1,1.935891999999999,3.6167288194687565e-29,0.9242428541183472,0.2890031337738037,0.7969907522201538,0.9200000166893005,0.9242428541183472,0.9242428541183472,0.9242428541183472,0.1711629331111908
40.63594160409,61.4855750243,465675614261642624,0.8147,0.0854,2.574,-1.77,1.869,31,1.369,,0.982,17.571983,18.436813,16.66584,1.770973,,43.04105828614,40.63595808154,61.48556671571,0.846266,0.21980573381810045,1,1.7709730000000015,0.0016026926459744573,0.9528340101242065,0.12300597876310349,0.9234517812728882,0.9399999976158142,0.9528340101242065,0.9528340101242065,0.9528340101242065,0.03871361166238785
40.68578218849,61.5127477455,465675781756649088,0.8984,0.0135,3.238,-0.936,3.1,31,1.601,,1.024,9.650688,9.881702,9.246616,0.635086,-45.48,43.05598636021,40.6857909093,61.51273396684,0.922032,0.17222817277736688,1,0.6350860000000011,0.9707731008529663,0.9707731008529663,2.220446049250313e-16,0.9707731008529663,0.9599999785423279,0.9707731008529663,0.9707731008529663,0.9707731008529663,0.0
40.63037824492,61.52007170667,465675820420046720,0.9223,0.0117,2.542,-1.553,2.013,31,1.608,,0.854,10.535041,10.755154,10.150847,0.604307,,43.07356989595,40.63039271654,61.52006275946,0.943373,0.16410495255228577,1,0.6043069999999986,4.203895392974451e-45,0.9734289646148682,0.15105940401554108,0.9493936896324158,0.9599999785423279,0.9734289646148682,0.9734289646148682,0.9734289646148682,0.02469135820865631
40.62074003337,61.56423914442,465676129657653120,1.0212,0.1643,2.645,-1.792,1.946,31,1.282,,1.019,18.634792,20.048927,17.530941,2.517986,,43.1156845417,40.62075675659,61.56423049554,1.043295,0.09712055999376383,1,2.5179860000000005,0.9906119704246521,0.9906119704246521,1.1102230246251565e-16,0.9906119704246521,0.9800000190734863,0.9906119704246521,0.9906119704246521,0.9906119704246521,0.0
40.76310071601,61.55936602053,465676675112242048,0.8912,0.1108,2.868,-1.936,2.115,31,1.348,,1.029,18.037588,19.074316,17.02194,2.052376,,43.08324359975,40.76311878643,61.55935661872,0.918509,0.11649716095367378,1,2.052375999999999,4.203895392974451e-45,0.9865201115608215,0.30069875717163086,0.866033673286438,0.9800000190734863,0.9865201115608215,0.9865201115608215,0.9865201115608215,0.12726718187332153
40.70303737048,61.52599926444,465677259227761920,0.8547,0.076,2.637,-1.765,1.959,31,1.388,,0.968,17.413136,18.233137,16.534904,1.698233,,43.06465972076,40.70305382164,61.52599055851,0.885985,0.15141721993839036,1,1.6982329999999983,0.0042291744612157345,0.977333664894104,0.1488339602947235,0.9265525341033936,0.9599999785423279,0.977333664894104,0.977333664894104,0.977333664894104,0.04191434383392334
40.69197257812,61.53204518363,465677263529039872,0.8601,0.0224,2.55,-1.679,1.919,31,1.475,,0.924,15.007165,15.530453,14.316105,1.214348,,43.07234393357,40.69198823172,61.5320366539,0.893107,0.14042801013612133,1,1.2143479999999993,0.0,0.9804731607437134,0.3012162744998932,0.15606273710727692,0.0,0.0016491824062541127,6.898928539555982e-09,0.12178260087966919,0.8587105870246887
40.68220747473,61.55187180122,465677362306999936,0.8262,0.1787,2.764,-1.758,2.133,31,1.338,,1.05,18.704557,19.668776,17.702719,1.966057,,43.09232253105,40.68222387515,61.55186232188,0.8456370000000001,0.10696010131152468,1,1.9660570000000028,7.913406041559767e-12,0.9886247515678406,0.10350120812654495,0.9740392565727234,0.9800000190734863,0.9886247515678406,0.9886247515678406,0.9886247515678406,0.012345679104328156
40.73819094269,61.55529658412,465677400968186880,0.9089,0.0327,2.689,-1.735,2.054,31,1.458,,0.963,15.80582,16.377647,15.080001,1.297646,,43.08443168476,40.73820713546,61.55528745627,0.941684,0.11220919577799855,1,1.2976460000000003,2.6819833465197007e-07,0.9874880313873291,0.3143152594566345,0.38660576939582825,0.0,0.3182092308998108,0.0990448072552681,0.6269858479499817,0.6302393078804016
40.71599847,61.56228531704,465677469687441152,0.8834,0.015,2.804,-1.737,2.201,31,1.596,,1.228,12.68853,12.929496,12.293478,0.636018,,43.09516002956,40.71601467735,61.56227553521,0.907296,0.09471535177291662,1,0.636018,0.0,0.9910691380500793,0.31611448526382446,0.8594722151756287,0.9800000190734863,0.9910691380500793,0.9910691380500793,0.9910691380500793,0.13016308844089508
40.62688661782,61.56251509715,465677607126403840,0.8933,0.0349,2.859,-1.912,2.126,31,1.451,,1.032,15.932628,16.526894,15.183023,1.34387,,43.11290432802,40.62690446642,61.56250564907,0.925395,0.09759812976922908,1,1.3438709999999983,0.0,0.9905198216438293,0.296806663274765,0.17003321647644043,0.0,0.00907192938029766,7.834217541358157e-08,0.20059560239315033,0.8477365970611572
40.69136481434,61.56893359801,465677675845867648,0.8656,0.0928,2.638,-1.722,1.998,31,1.391,,1.157,17.519747,18.273203,16.594242,1.678961,,43.1060590257,40.69138088892,61.56892471703,0.8966240000000001,0.07926657831519307,1,1.6789609999999975,0.016664963215589523,0.9937365055084229,0.11387218534946442,0.9662990570068359,0.9800000190734863,0.9937365055084229,0.9937365055084229,0.9937365055084229,0.014479500241577625
40.77321529658,61.57695761713,465677813285042304,0.8169,0.0606,3.098,-2.224,2.156,31,1.398,,1.041,16.820732,17.588974,15.957264,1.63171,,43.09728198426,40.7732360675,61.57694803432,0.847193,0.1002631644305674,1,1.63171,0.0,0.9899976849555969,0.31646448373794556,0.11437567323446274,0.0,0.0,0.0,4.203895392974451e-45,0.8844688534736633
40.76960400479,61.59265833557,465677847644777600,0.8966,0.0128,2.707,-1.859,1.967,31,1.641,,0.874,10.723887,10.88822,10.417494,0.470726,,43.11229297339,40.76962137487,61.59264959276,0.915675,0.0830700288383694,1,0.47072600000000087,1.0418402680831938e-16,0.9931231141090393,0.3288584351539612,0.8642913699150085,0.9800000190734863,0.9931231141090393,0.9931231141090393,0.9931231141090393,0.13336381316184998
40.73253701854,61.58711913594,465677882004273664,0.908,0.0133,2.921,-1.871,2.243,31,1.61,,0.948,12.831567,13.047798,12.47445,0.573348,,43.11452755131,40.73255449435,61.58710916692,0.933181,0.06522978392148242,1,0.5733480000000011,1.865272571144044e-20,0.9957541227340698,0.29285064339637756,0.8939344882965088,0.9800000190734863,0.9957541227340698,0.9957541227340698,0.9957541227340698,0.10333790630102158
40.80748226797,61.62135371712,465677985083726080,0.8559,0.0795,2.685,-1.58,2.171,31,1.36,,1.009,17.379776,18.30039,16.429623,1.870768,,43.13099993516,40.80749704201,61.62134406937,0.888732,0.10375621583743243,1,1.8707670000000007,1.1573699339351151e-05,0.9892923831939697,0.11662932485342026,0.973494291305542,0.9800000190734863,0.9892923831939697,0.9892923831939697,0.9892923831939697,0.01524157915264368
40.4939762207,61.49954401866,465678397400455808,0.8473,0.0263,2.618,-1.652,2.031,31,1.458,,1.016,15.334758,15.897508,14.612381,1.285127,,43.08179990421,40.49399160406,61.49953499217,0.880321,0.24244372836808767,1,1.285127000000001,0.0,0.942915141582489,0.2286456823348999,0.13394691050052643,0.0,0.006060915067791939,2.560925054240215e-07,0.1656959354877472,0.9518365859985352
40.4709516521,61.50488758974,465678461815126784,0.9553,0.1035,2.473,-1.613,1.875,31,1.351,,0.971,17.956642,18.896854,17.014462,1.882393,,43.09121437821,40.47096668244,61.5048792583,0.983425,0.24706484434011006,1,1.8823919999999994,7.530471905770053e-12,0.9407846331596375,0.12008395791053772,0.9210885167121887,0.9399999976158142,0.9407846331596375,0.9407846331596375,0.9407846331596375,0.02606309950351715
40.47967741584,61.50953224154,465678466120088192,0.8632,0.0314,2.586,-1.761,1.894,31,1.425,,1.024,15.693132,16.361105,14.893825,1.46728,,43.09371675254,40.47969382745,61.50952382498,0.896623,0.23667027423516243,1,1.4672799999999988,0.0,0.9455270171165466,0.24116432666778564,0.1200711727142334,0.0,0.006077703554183245,1.1061690202041063e-05,0.11744201183319092,0.9314128756523132
40.4992274181,61.5088934576,465678569199138176,0.9599,0.0981,2.596,-1.83,1.842,31,1.374,,0.939,17.711449,18.577156,16.816359,1.760798,,43.08927209122,40.49924446634,61.50888527261,0.989655,0.22753707646893315,1,1.7607970000000002,0.1179409921169281,0.9495442509651184,0.07047107070684433,0.9391916990280151,0.9399999976158142,0.9495442509651184,0.9495442509651184,0.9495442509651184,0.013565005734562874
40.50413654213,61.53725241831,465678603558853888,0.8314,0.1497,3.045,-2.007,2.289,31,1.334,,0.987,18.516605,19.604578,17.477358,2.12722,,43.11411367695,40.50415526121,61.53724224459,0.853334,0.1898184495108991,1,2.127220000000001,0.0,0.9646103382110596,0.29521018266677856,0.11655009537935257,0.0,7.721183935271991e-12,4.203895392974451e-45,0.0016225007129833102,0.8939186334609985
40.47894824556,61.54247882525,465678805412586880,0.9336,0.1863,2.411,-1.513,1.877,31,1.279,,1.022,18.836012,20.225409,17.699034,2.526375,,43.1238447413,40.47896235675,61.54247048162,0.952355,0.19923841535083878,1,2.526374999999998,0.9610816240310669,0.9610816240310669,1.1102230246251565e-16,0.9610816240310669,0.9599999785423279,0.9610816240310669,0.9610816240310669,0.9610816240310669,0.0
40.56792142784,61.54965361345,465678947146339456,0.9039,0.104,2.386,-1.436,1.906,95,,1.3267,0.97,17.888521,18.60846,16.895662,1.712797,,43.11281511903,40.56793482297,61.54964514182,0.943474,0.14040022711720357,1,1.7127979999999994,4.203895392974451e-45,0.9804807901382446,0.16292037069797516,0.9523624181747437,0.9800000190734863,0.9804807901382446,0.9804807901382446,0.9804807901382446,0.02895900048315525
40.59901539729,61.56355905136,465679080294588800,0.8527,0.1264,2.483,-1.465,2.004,31,1.366,,0.96,18.195427,19.127111,17.220913,1.906198,,43.11934493637,40.59902906782,61.5635501428,0.877397,0.10706603708608001,1,1.9061979999999998,0.988602340221405,0.988602340221405,3.3306690738754696e-16,0.988602340221405,0.9800000190734863,0.988602340221405,0.988602340221405,0.988602340221405,0.0
40.51024530611,61.55115568233,465679187664522880,1.0118,0.9072,2.583,-1.676,1.965,95,,1.4365,1.07,20.560137,21.410524,19.53254,1.877985,,43.12556129656,40.510260944,61.5511469492,1.051917,0.17079819593507758,1,1.8779839999999979,4.203895392974451e-45,0.9712494015693665,0.09978506714105606,0.9608870148658752,0.9599999785423279,0.9712494015693665,0.9712494015693665,0.9712494015693665,0.010669105686247349
40.55678359825,61.59845125363,465679359473034752,0.8624,0.0266,2.687,-1.716,2.068,31,1.472,,0.98,15.416821,15.938807,14.725573,1.213235,,43.15942755595,40.55679962968,61.59844206164,0.895185,0.09966244025767892,1,1.213234,4.203895392974451e-45,0.990116536617279,0.33346784114837646,0.40957993268966675,0.0,0.3563030958175659,0.08812806010246277,0.6802207827568054,0.5986891984939575
40.56977331116,61.59315915194,465679359473038208,0.9002,0.0344,3.469,-2.185,2.694,31,1.452,,1.037,15.897775,16.469511,15.142194,1.327317,,43.15205124537,40.56979372202,61.59314717816,0.933005,0.09312319433943918,1,1.3273170000000007,0.0,0.9913655519485474,0.27788835763931274,0.9061452746391296,0.9800000190734863,0.9913655519485474,0.9913655519485474,0.9913655519485474,0.08596250414848328
40.44652773969,61.598465002,465680081027556608,0.8731,0.0219,2.769,-1.996,1.919,31,1.648,,1.098,11.360754,11.510828,11.080082,0.430746,-44.73,43.18118917478,40.44654638734,61.59845647142,0.926596,0.18497747073035817,1,0.4307459999999992,4.203895392974451e-45,0.9663621187210083,0.23585817217826843,0.9028684496879578,0.9599999785423279,0.9663621187210083,0.9663621187210083,0.9663621187210083,0.06797744333744049
40.46232008401,61.60996344379,465680115387279872,0.8509,0.0291,2.784,-1.939,1.998,31,1.475,,0.952,15.454478,15.973568,14.763642,1.209926,,43.18853256591,40.46233821021,61.6099545655,0.88362,0.17040414743752108,1,1.2099259999999994,0.0,0.9713799953460693,0.2876030206680298,0.15269947052001953,0.0,0.006243882235139608,7.682837122047204e-08,0.13525855541229248,0.8969669342041016
40.48733167201,61.60029713668,465680149747024640,0.892,0.0396,2.593,-1.598,2.042,31,1.43,,1.063,16.046915,16.698044,15.263342,1.434702,,43.17480216383,40.48734660701,61.60028806028,0.921866,0.15257320752907497,1,1.4347019999999997,0.0,0.7247687578201294,0.05374271050095558,0.011261779814958572,0.0,7.82027827911369e-12,1.830123534341649e-20,1.1429778169258498e-05,0.9975613355636597
40.53390201151,61.61432447411,465680184106743936,0.8934,0.0244,2.732,-1.797,2.058,31,1.483,,1.036,15.184004,15.678583,14.504638,1.173945,,43.17838283708,40.53391881148,61.61431532668,0.926189,0.1134136198253325,1,1.1739449999999998,3.8631687086666705e-29,0.9872197508811951,0.305866539478302,0.33443593978881836,0.0,0.2478960007429123,0.057736534625291824,0.5634632110595703,0.6933394074440002
40.45086074553,61.65201515202,465680523400155008,0.933,0.0827,2.797,-1.837,2.109,31,1.398,,1.022,17.386282,18.158888,16.548527,1.610361,,43.22904817003,40.45087794035,61.6520057787,0.963824,0.1888581206427276,1,1.610361000000001,7.723992452579598e-12,0.9649611711502075,0.17427241802215576,0.904541552066803,0.9599999785423279,0.9649611711502075,0.9649611711502075,0.9649611711502075,0.060051821172237396
40.60957984785,61.58625655387,465680562063882752,0.9579,0.0625,2.717,-1.843,1.997,31,1.409,,1.062,17.04738,17.775988,16.226503,1.549484,,43.13792707516,40.60959705857,61.58624768007,0.988002,0.07289390691689407,1,1.5494850000000007,0.016681130975484848,0.99470055103302,0.19713985919952393,0.8918426036834717,0.9800000190734863,0.99470055103302,0.8645802140235901,0.99470055103302,0.04039018601179123
40.62407179111,61.58356802317,465680562063883392,0.887,0.0278,2.715,-1.713,2.106,31,1.472,,1.017,15.431856,15.957903,14.729981,1.227922,,43.13262610185,40.6240877912,61.58355866343,0.919785,0.06842613335018354,1,1.2279219999999995,2.2475289322523476e-23,0.9953287839889526,0.34085458517074585,0.43324336409568787,0.9800000190734863,0.39388221502304077,0.10915589332580566,0.7129030823707581,0.494589239358902
40.63502241315,61.58179585017,465680596423622016,0.923,0.0211,2.927,-1.976,2.159,31,1.489,,0.977,14.840691,15.320115,14.183127,1.136988,,43.12885695778,40.6350408663,61.5817862541,0.955949,0.06600874370290248,1,1.1369879999999988,0.0,0.9956523180007935,0.3436027765274048,0.1644551306962967,0.0,1.1648104191408493e-05,7.969657919715267e-12,0.04771408438682556,0.8396586179733276
40.60196506634,61.60211872441,465680660838835840,1.0435,0.1002,2.699,-1.839,1.976,31,1.38,,0.992,17.85711,18.698214,16.954563,1.74365,,43.15386606288,40.60198224778,61.60210994321,1.071401,0.06380545238067238,1,1.7436509999999998,0.3583976924419403,0.995937168598175,0.05565487965941429,0.9822221398353577,0.9800000190734863,0.995937168598175,0.995937168598175,0.995937168598175,0.0001524157851235941
40.60378672945,61.62277413382,465680974370710784,0.9617,0.5429,2.657,-1.74,2.008,95,,1.4178,1.036,20.244404,21.329723,19.27854,2.051184,,43.17230919673,40.60380300217,61.62276520834,0.994423,0.05908899561672727,1,2.0511830000000018,7.976559517064441e-12,0.9965145587921143,0.08218328654766083,0.9896849393844604,0.9800000190734863,0.9965145587921143,0.9965145587921143,0.9965145587921143,0.006858710665255785
40.61063073705,61.63130694666,465680974380700672,0.9547,0.0642,2.865,-2.012,2.04,31,1.408,,1.029,17.048304,17.786942,16.207668,1.579273,,43.17872922938,40.61064955639,61.63129788171,0.984834,0.05843433840050293,1,1.579273999999998,0.0,0.9965912699699402,0.3295631408691406,0.8304301500320435,0.9800000190734863,0.9965912699699402,0.9965912699699402,0.9965912699699402,0.15089163184165955
40.68481334989,61.62748487607,465681111820993024,0.929,0.0263,3.0,-1.645,2.509,95,,1.5299,1.351,14.146092,13.842165,13.029568,0.812597,-76.73,43.16066310937,40.68482873158,61.62747372631,0.962117,0.02011724499611617,1,0.8125970000000002,4.203895392974451e-45,0.9995954036712646,0.17835967242717743,0.9666869044303894,0.9800000190734863,0.9995954036712646,0.9995954036712646,0.9995954036712646,0.03292180970311165
40.65999831083,61.62784848154,465681180539128064,0.9143,0.0914,2.558,-1.678,1.931,31,1.383,,0.987,17.650263,18.511662,16.76722,1.744442,,43.16587153093,40.66001400466,61.62783990035,0.944297,0.02390281766510009,1,1.744442000000003,7.999887211007639e-12,0.9994288086891174,0.17461788654327393,0.9554198980331421,0.9800000190734863,0.9994288086891174,0.9994288086891174,0.9994288086891174,0.0347508005797863
40.7161778789,61.66275484251,465681283618304128,0.9636,0.0705,2.658,-1.768,1.984,31,1.401,,0.985,17.23428,17.974758,16.385094,1.589665,,43.18661675224,40.71619443792,61.66274602546,0.994162,0.08387087927518594,1,1.5896640000000026,1.1616962183325086e-05,0.9929903745651245,0.28436464071273804,0.8194316625595093,0.9800000190734863,0.9929903745651245,0.6972008943557739,0.9929903745651245,0.13153482973575592
40.6764999414,61.66091657948,465681317978049536,0.9066,0.0176,3.026,-1.611,2.561,31,1.513,,1.034,14.348477,14.772078,13.74728,1.024797,,43.19273375248,40.67651502736,61.66090519703,0.939635,0.07486201268592452,1,1.0247980000000005,4.203895392974451e-45,0.9944113492965698,0.11244970560073853,0.9815284609794617,0.9800000190734863,0.9944113492965698,0.9944113492965698,0.9944113492965698,0.012955342419445515
40.66216758741,61.66632941513,465681421057261696,0.8889,0.0135,2.18,-1.197,1.823,31,1.593,,0.92,12.98915,13.239675,12.584996,0.654678,,43.20047668368,40.66217879702,61.6663213151,0.917421,0.08470022207929477,1,0.6546789999999998,4.203895392974451e-45,0.9928515553474426,0.13354548811912537,0.9745461344718933,0.9800000190734863,0.9928515553474426,0.9928515553474426,0.9928515553474426,0.018442310392856598
40.66841970152,61.66822992197,465681524136473216,0.8755,0.0356,2.784,-1.918,2.018,31,1.461,,1.0,15.941475,16.4945,15.213209,1.28129,,43.20097858814,40.66843766371,61.66822095228,0.907223,0.08731447026290275,1,1.2812909999999977,4.203895392974451e-45,0.9924051761627197,0.2644202411174774,0.163940891623497,0.0,0.02982032299041748,0.00010043579823104665,0.2170531004667282,0.851242184638977
40.65812553509,61.69261976676,465681592845814400,0.9145,0.0355,2.568,-1.664,1.956,31,1.464,,1.029,15.934658,16.462547,15.194801,1.267746,,43.2252017901,40.65814113036,61.69261107129,0.946328,0.12857007822374977,1,1.2677460000000007,0.0,0.9836056232452393,0.23189565539360046,0.1094517856836319,0.0,0.0006861758301965892,1.6791260604165359e-09,0.07186578959226608,0.9122084975242615
40.5793904477,61.65432511887,465681833374141824,0.9169,0.0223,2.693,-1.711,2.079,31,1.472,,0.995,14.954094,15.482734,14.256557,1.226176,,43.20582638028,40.57940646527,61.65431587778,0.949922,0.1002669579895749,1,1.2261769999999999,0.0,0.9899969100952148,0.30816614627838135,0.30861231684684753,0.0,0.20048971474170685,0.019793476909399033,0.5407428741455078,0.7128486633300781
40.47296949027,61.65380902147,465682005172847488,0.8779,0.0221,2.822,-1.946,2.045,31,1.492,,0.962,14.885021,15.356849,14.236008,1.120841,,43.22631979181,40.47298770198,61.65379993401,0.910761,0.1734087921406721,1,1.1208410000000004,0.0,0.9703770279884338,0.27101320028305054,0.14575015008449554,0.0,0.0016322004375979304,1.656543346939543e-09,0.12052858620882034,0.9082456827163696
40.52708617499,61.68423248426,465682103948024320,0.8644,0.0171,2.979,-2.316,1.874,31,1.631,,1.285,11.910837,12.088751,11.595915,0.492836,-63.53,43.24333509081,40.52710787644,61.68422415476,0.912236,0.16434457634306202,1,0.4928360000000005,0.0,0.9733523726463318,0.34709763526916504,0.8278167843818665,0.9599999785423279,0.9733523726463318,0.9733523726463318,0.9733523726463318,0.1495198905467987
40.51912026422,61.69184057787,465682176971499520,0.8494,0.0249,2.861,-1.979,2.066,31,1.652,,1.182,11.375448,11.51923,11.100998,0.418232,,43.25182500539,40.51913881496,61.69183139511,0.903475,0.17772393479297888,1,0.4182319999999997,0.0,0.9689078330993652,0.23687097430229187,0.9057857990264893,0.9599999785423279,0.9689078330993652,0.9689078330993652,0.9689078330993652,0.06660570204257965
40.57080525627,61.69017608813,465682275746896128,0.8605,0.09,2.72,-1.856,1.988,31,1.397,,1.023,17.528337,18.328,16.671108,1.656891,,43.24013961499,40.57082264948,61.69016725177,0.891181,0.14948510968528725,1,1.6568919999999991,0.23765499889850616,0.9779019951820374,0.07946284860372543,0.9551166892051697,0.9599999785423279,0.9779019951820374,0.9779019951820374,0.9779019951820374,0.005639384035021067
40.60862504198,61.69851042994,465682310106654720,0.9387,0.1045,2.711,-1.86,1.973,31,1.373,,0.955,17.882551,18.745426,16.983618,1.761808,,43.24028772023,40.60864247887,61.69850166163,0.966616,0.1477767057388132,1,1.7618079999999985,0.4811440408229828,0.9783987402915955,0.04589032009243965,0.9682521820068359,0.9599999785423279,0.9783987402915955,0.9783987402915955,0.9783987402915955,0.0
40.61935303953,61.7174751034,465682451849376896,0.8492,0.0403,2.838,-1.38,2.48,31,1.45,,1.076,16.06338,16.654871,15.320876,1.333995,,43.25543820298,40.6193659804,61.71746408254,0.8783219999999999,0.1751643712048084,1,1.3339949999999998,4.203895392974451e-45,0.969783365726471,0.15755310654640198,0.9434731602668762,0.9599999785423279,0.969783365726471,0.969783365726471,0.969783365726471,0.027130011469125748
40.54166696636,61.69797468956,465682550628175872,0.9111,0.1121,2.764,-1.821,2.08,31,1.371,,1.041,17.916336,18.797394,17.001577,1.795816,,43.25296788416,40.54168403374,61.6979654444,0.938728,0.17358798530042405,1,1.7958169999999996,7.766860071756199e-12,0.9703166484832764,0.1907595545053482,0.9081140160560608,0.9599999785423279,0.9703166484832764,0.9703166484832764,0.9703166484832764,0.06203322485089302
40.577551057,61.73713878275,465682692367536384,0.8596,0.0193,2.827,-1.899,2.094,31,1.346,,1.045,8.076518,9.079157,7.095086,1.984071,-44.05,43.2815434564,40.57756888158,61.73712947495,0.89164,0.21667221634687614,1,1.9840710000000001,0.9541381001472473,0.9541381001472473,4.440892098500626e-16,0.9541381001472473,0.9399999976158142,0.9541381001472473,0.9541381001472473,0.9541381001472473,0.0
39.96362681206,61.51007251354,465684375994978304,0.8843,0.0953,2.693,-1.886,1.922,31,1.382,,1.058,17.5348,18.362276,16.655594,1.706682,,43.19667794972,39.96364438873,61.51006397104,0.915582,0.5930541931547682,1,1.7066820000000007,0.08737806230783463,0.7034817934036255,0.04974786192178726,0.6938007473945618,0.699999988079071,0.7034817934036255,0.7034817934036255,0.7034817934036255,0.05182136967778206
40.15049636488,61.51631307238,465685234988413696,0.8864,0.0146,2.6,-1.798,1.878,31,1.584,,0.966,12.984966,13.247961,12.563036,0.684925,,43.16513484535,40.15051312238,61.51630472476,0.914483,0.4496391774921873,1,0.6849249999999998,0.0,0.8169516324996948,0.24292638897895813,0.10356650501489639,0.0,9.557490557199344e-06,8.57026744891819e-17,0.02785276621580124,0.9083980917930603
40.29496954929,61.57453250046,465685750384425984,0.9165,0.0358,2.84,-1.953,2.062,31,1.428,,1.015,15.925976,16.589544,15.134325,1.455219,,43.18939534883,40.29498778419,61.57452333575,0.949151,0.31066902747431446,1,1.4552189999999996,0.0,0.9079960584640503,0.2986328601837158,0.1885005235671997,0.0,0.015227096155285835,1.0622616173350252e-05,0.2570989727973938,0.8751714825630188
40.26430311522,61.59954989479,465685952238289280,0.8578,0.0392,2.709,-1.871,1.959,31,1.439,,1.014,16.144718,16.761812,15.379853,1.381959,,43.21821646659,40.26432059805,61.59954118934,0.886318,0.3282121713806243,1,1.3819589999999984,3.51355103474341e-29,0.8978760838508606,0.2863505780696869,0.2831156253814697,0.0,0.18183381855487823,0.030611766502261162,0.49042585492134094,0.848651111125946
40.08216178191,61.58514062908,465686536353808640,0.9754,0.3982,2.606,-1.616,2.044,95,,1.2876,1.046,19.788664,20.738855,18.629295,2.10956,,43.24126766391,40.08217687567,61.58513154268,1.003528,0.47431879450366987,1,2.109560000000002,0.79853355884552,0.79853355884552,1.1102230246251565e-16,0.79853355884552,0.7799999713897705,0.79853355884552,0.79853355884552,0.79853355884552,0.0
40.18674954589,61.63812899765,465687056054438528,0.9225,0.0418,2.827,-1.845,2.141,31,1.451,,0.999,16.167458,16.757483,15.428297,1.329185,,43.2686520035,40.18676681167,61.63811948076,0.950836,0.39003216704566773,1,1.329186,6.874876102430649e-12,0.8588808178901672,0.34323984384536743,0.5369870662689209,0.8399999737739563,0.6652214527130127,0.17393667995929718,0.8588808178901672,0.5262917280197144
40.17514605156,61.63463251961,465687056054444416,0.9196,0.1016,2.626,-1.773,1.937,31,1.368,,1.025,17.932634,18.843805,17.016102,1.827703,,43.26777531064,40.17516263374,61.63462390932,0.947178,0.39870820620340774,1,1.8277029999999996,0.0014348085969686508,0.8530234694480896,0.1140320897102356,0.822877049446106,0.8399999737739563,0.8530234694480896,0.8530234694480896,0.8530234694480896,0.07925621420145035
39.9967442727,61.55749461647,465687846328512640,1.0441,0.0238,2.749,-2.343,1.438,31,1.472,,1.399,14.198569,14.720958,13.50318,1.217778,,43.23315152538,39.99676613309,61.55748822673,1.077527,0.5482129449010938,1,1.2177779999999991,0.0,0.7404201626777649,0.2328311949968338,0.6580384373664856,0.7400000095367432,0.7404201626777649,0.7404201626777649,0.7404201626777649,0.11126352846622467
40.00700415526,61.57026958503,465687880688238592,0.9459,0.0431,2.622,-1.825,1.883,31,1.43,,1.016,16.373032,17.028296,15.583885,1.44441,,43.24271198924,40.00702119257,61.57026121772,0.974793,0.5366653719955173,1,1.4444110000000006,8.080084699132306e-26,0.7497543096542358,0.30202439427375793,0.34073349833488464,0.7400000095367432,0.2698063850402832,0.043848611414432526,0.7497543096542358,0.7354061603546143
40.07089663554,61.64676491418,465689972328188032,0.8935,0.1028,2.539,-1.799,1.792,31,1.371,,1.019,17.85305,18.732609,16.934715,1.797894,,43.29948804092,40.07091347039,61.64675694756,0.921831,0.4827048474130384,1,1.7978939999999994,9.267342647945043e-06,0.7921504378318787,0.07556909322738647,0.7820265293121338,0.7799999713897705,0.7921504378318787,0.7921504378318787,0.7921504378318787,0.024996189400553703
40.08101250932,61.65198603669,465690010991937920,0.8064,0.0752,2.636,-1.705,2.01,31,1.395,,0.999,17.31807,18.073555,16.463673,1.609882,,43.30222152241,40.08102847215,61.65197710468,0.837279,0.4757192048217633,1,1.609881999999999,9.3295975602814e-06,0.797471821308136,0.22102026641368866,0.688953697681427,0.7799999713897705,0.797471821308136,0.7217203974723816,0.797471821308136,0.24676115810871124
40.13126739711,61.6546606696,465690045351933056,0.9012,0.0158,2.758,-2.215,1.644,31,1.602,,1.029,12.916321,13.147526,12.536429,0.611096,,43.29467644444,40.13128813314,61.65465336411,0.92681,0.4368889366265238,1,0.6110969999999991,0.0,0.8262383937835693,0.13712981343269348,0.8028150796890259,0.8199999928474426,0.8262383937835693,0.8262383937835693,0.8262383937835693,0.028349336236715317
40.07752437735,61.66602200995,465690212846399360,0.8554,0.051,2.676,-1.805,1.976,31,1.422,,0.996,16.674763,17.335865,15.874823,1.461042,,43.31566332065,40.07754127581,61.66601322991,0.8847510000000001,0.4818447315816373,1,1.461041999999999,2.802596928649634e-45,0.7928078770637512,0.2828291356563568,0.5380761027336121,0.7799999713897705,0.6535235047340393,0.30442193150520325,0.7928078770637512,0.5764365196228027
40.07785263305,61.68193479873,465690388949030656,0.9954,0.035,2.672,-1.616,2.128,31,1.463,,1.218,15.502363,16.05525,14.783927,1.271323,,43.33005133185,40.07786777144,61.68192534235,1.02819,0.48676220134437725,1,1.2713230000000006,0.0,0.7890406250953674,0.28697556257247925,0.20905865728855133,0.0,0.0217085313051939,6.240679084612566e-08,0.3880240023136139,0.8713610768318176
40.28798932251,61.59287167233,465691625899670400,0.9185,0.013,2.707,-1.977,1.85,31,1.627,,0.889,10.694064,10.882345,10.355472,0.526874,,43.2074531221,40.2880077879,61.59286345042,0.938254,0.3107271113564696,1,0.5268730000000001,0.0,0.9079632759094238,0.2526476979255676,0.8303361535072327,0.8999999761581421,0.9079632759094238,0.9079632759094238,0.9079632759094238,0.08641975373029709
40.33105956362,61.60126399998,465691660259396864,0.9001,0.0199,2.733,-1.85,2.012,31,1.491,,1.05,14.616358,15.091016,13.967484,1.123532,,43.20655836813,40.33107684881,61.60125505851,0.93314,0.2752505740866644,1,1.123531999999999,9.725112830949193e-17,0.9270359873771667,0.34808075428009033,0.5039390325546265,0.9200000166893005,0.5063531994819641,0.16907855868339539,0.9270359873771667,0.6084438562393188
40.27127908013,61.61080218828,465691896473382016,0.8598,0.1294,2.687,-1.703,2.078,31,1.335,,0.978,18.292784,19.26056,17.332367,1.928192,,43.22706447926,40.2712950014,61.61079295078,0.884567,0.3215948671726431,1,1.9281930000000003,0.0015167598612606525,0.9017452001571655,0.07462503015995026,0.8929328322410583,0.8999999761581421,0.9017452001571655,0.9017452001571655,0.9017452001571655,0.01600365713238716
40.37583856704,61.62785680059,465692106935963520,0.9572,0.1009,2.792,-1.934,2.014,31,1.381,,0.975,17.65993,18.434656,16.778778,1.655878,,43.22188735408,40.37585665396,61.62784785068,0.987184,0.23938062588363318,1,1.6558780000000013,0.055226873606443405,0.944307804107666,0.11476101726293564,0.9124029874801636,0.9399999976158142,0.944307804107666,0.944307804107666,0.944307804107666,0.0405425988137722
40.40034916978,61.63975799956,465692141295687808,0.8421,0.0631,2.816,-1.826,2.143,31,1.413,,1.038,17.04477,17.73649,16.231445,1.505045,,43.22786906612,40.40036625757,61.63974847297,0.8720629999999999,0.2226546936504877,1,1.505044999999999,4.203895392974451e-45,0.9516336917877197,0.3125743567943573,0.7746886610984802,0.9399999976158142,0.9516336917877197,0.7370604872703552,0.9516336917877197,0.2248132973909378
40.35990887416,61.67371133795,465692480589154432,0.9477,0.1023,2.842,-1.75,2.239,31,1.385,,1.121,17.603403,18.41669,16.733234,1.683456,,43.26673185507,40.35992526874,61.67370138887,0.978106,0.2687947899103002,1,1.6834559999999996,0.0,0.9302976727485657,0.3023800849914551,0.7861657738685608,0.9200000166893005,0.9302976727485657,0.9302976727485657,0.9302976727485657,0.18549001216888428
40.35660052109,61.68196594608,465692583668388480,0.9323,0.1015,2.707,-1.972,1.855,31,1.389,,1.106,17.544037,18.361359,16.678852,1.682507,,43.27489060703,40.35661899333,61.68195770251,0.963155,0.2763887711557902,1,1.682507000000001,0.001558320946060121,0.9264541268348694,0.03961265832185745,0.9233667850494385,0.9200000166893005,0.9264541268348694,0.9264541268348694,0.9264541268348694,0.00381039478816092
40.33015794137,61.67738439391,465693236510878720,0.8278,0.1538,2.46,-1.647,1.828,31,1.33,,0.995,18.528164,19.566525,17.526026,2.040499,,43.27594882077,40.33017336735,61.67737626953,0.849719,0.29297279267572274,1,2.040498999999997,0.917747437953949,0.917747437953949,1.1102230246251565e-16,0.917747437953949,0.8999999761581421,0.917747437953949,0.917747437953949,0.917747437953949,0.0
40.4299709997,61.71318887121,465694061137199232,0.9459,0.1256,2.777,-1.898,2.027,31,1.318,,1.071,18.093403,19.223888,17.047207,2.176681,,43.28880499016,40.42998879932,61.71317986041,0.974261,0.25381914689165325,1,2.1766809999999985,0.0548349991440773,0.9376072287559509,0.036328960210084915,0.9354408383369446,0.9200000166893005,0.9376072287559509,0.9376072287559509,0.9376072287559509,0.002895900048315525
40.52219046943,61.72866743852,465694305959115264,0.9286,0.0846,2.854,-1.706,2.287,31,1.398,,1.013,17.420637,18.183825,16.57331,1.610514,,43.28472211647,40.52220647984,61.72865727305,0.959455,0.22416623886318057,1,1.6105149999999995,4.203895392974451e-45,0.950991153717041,0.2940399646759033,0.8256986141204834,0.9399999976158142,0.950991153717041,0.950991153717041,0.950991153717041,0.1411370187997818
40.54468957313,61.77625610661,465694546477250432,0.9628,0.0652,2.774,-1.686,2.204,31,1.407,,1.021,17.046154,17.778336,16.227764,1.550571,,43.32358615508,40.54470541371,61.77624631214,0.992956,0.2868295566464755,1,1.550571999999999,4.203895392974451e-45,0.9210221767425537,0.19541403651237488,0.8610575795173645,0.9200000166893005,0.9210221767425537,0.9210221767425537,0.9210221767425537,0.08504801243543625
40.46904142124,61.76710877798,465694683916216192,0.854,0.0155,3.046,-1.558,2.617,31,1.61,,1.108,11.923204,12.13894,11.55786,0.581079,-53.25,43.33014278402,40.46905606123,61.7670971448,0.898582,0.30073632397288286,1,0.58108,0.9135270118713379,0.9135270118713379,3.3306690738754696e-16,0.9135270118713379,0.8999999761581421,0.9135270118713379,0.9135270118713379,0.9135270118713379,0.0
40.52362367727,61.77418458995,465694748331683200,0.901,0.0894,2.732,-1.622,2.198,31,1.382,,0.999,17.604593,18.443653,16.716528,1.727125,,43.32584220167,40.52363892197,61.77417482272,0.931532,0.29016910008961944,1,1.727125000000001,0.0002187919890275225,0.9192491173744202,0.08620990067720413,0.9087054133415222,0.8999999761581421,0.9192491173744202,0.9192491173744202,0.9192491173744202,0.015393994748592377
40.50565913129,61.7843743736,465694821355155328,0.8964,0.0207,2.791,-1.773,2.155,31,1.497,,1.025,14.814943,15.274859,14.164726,1.110133,-62.38,43.33864131661,40.5056757989,61.78436479467,0.92922,0.31157403345317863,1,1.1101329999999994,2.0491706464954294e-23,0.9074848890304565,0.34566110372543335,0.463264524936676,0.8999999761581421,0.4462709426879883,0.11271687597036362,0.9074848890304565,0.696387767791748
40.45930218574,61.77688910565,465695435526822656,0.9625,0.0809,2.655,-1.842,1.912,31,1.401,,1.116,17.249964,17.985037,16.378658,1.606379,,43.3409529728,40.45931949754,61.77688060772,0.993071,0.3185887051047108,1,1.606378999999997,0.0015196817694231868,0.9034823179244995,0.22305552661418915,0.7870246767997742,0.8999999761581421,0.9034823179244995,0.7671865224838257,0.9034823179244995,0.2063709795475006
40.41260085603,61.81351745287,465695714708344832,0.9176,0.0784,2.688,-1.877,1.925,31,1.401,,1.034,17.405912,18.18097,16.550568,1.630402,,43.38344583961,40.41261851391,61.81350889901,0.94832,0.3898367389169337,1,1.6304020000000001,0.05023842304944992,0.8590117692947388,0.12523521482944489,0.8185697197914124,0.8399999737739563,0.8590117692947388,0.8590117692947388,0.8590117692947388,0.09541228413581848
40.12720162192,61.72334762197,465696333183724416,0.8537,0.0447,2.926,-1.996,2.139,31,1.409,,0.977,16.362547,17.079176,15.526817,1.552359,,43.35787845688,40.12722034528,61.72333811415,0.883131,0.4702140399892709,1,1.552359000000001,0.0,0.8016355037689209,0.3331852853298187,0.2199627310037613,0.0,0.00134837266523391,6.4166584372304936e-12,0.47589850425720215,0.7791495323181152
40.20190520426,61.73559043592,465696569401435136,0.9065,0.0911,2.844,-1.929,2.09,31,1.398,,1.016,17.559351,18.349651,16.687525,1.662127,,43.3542077621,40.2019233061,61.73558114493,0.93682,0.42528650661770856,1,1.6621260000000007,0.0,0.8345450162887573,0.2867816984653473,0.6855290532112122,0.8199999928474426,0.8345450162887573,0.7253751754760742,0.8345450162887573,0.26139307022094727
40.20087345595,61.72643995488,465696573701882368,0.8542,0.034,2.806,-1.9,2.065,31,1.461,,0.929,15.83064,16.38176,15.115932,1.265827,,43.34609836082,40.20089128225,61.72643077766,0.8868419999999999,0.4191389713366798,1,1.265827999999999,0.0,0.8388885259628296,0.24965830147266388,0.17357194423675537,0.0,0.04906153306365013,0.0007076768670231104,0.23753118515014648,0.9135802388191223
40.21187647314,61.77726867071,465696986018702848,0.9622,0.0178,2.676,-1.774,2.004,31,1.51,,1.061,14.200022,14.627293,13.593457,1.033835,,43.39009976423,40.21189314341,61.77725976367,0.995292,0.4553450995485543,1,1.033835999999999,6.505575592119506e-12,0.8127439618110657,0.2976393401622772,0.49162834882736206,0.800000011920929,0.5160355567932129,0.23012836277484894,0.8127439618110657,0.63923180103302
40.14441930212,61.79753654253,465697703269237504,0.8055,0.013,1.833,-1.457,1.113,31,1.596,,0.96,12.677243,12.919834,12.276635,0.643199,,43.4218495283,40.14443300137,61.79753159779,0.829269,0.5182178346651369,1,0.6431989999999992,0.0,0.7644873857498169,0.3377239406108856,0.5612766146659851,0.7599999904632568,0.7644873857498169,2.802596928649634e-45,0.7644873857498169,0.2658131420612335
40.14683692406,61.8290158613,465698046866989696,0.8994,0.1755,2.72,-1.91,1.937,31,1.287,,0.939,18.747519,20.222078,17.6293,2.592779,,43.44995794373,40.14685490582,61.82900725387,0.919462,0.5488783097182793,1,2.592777999999999,2.802596928649634e-45,0.7398799061775208,0.04179167002439499,0.7375117540359497,0.7200000286102295,0.7398799061775208,0.7398799061775208,0.7398799061775208,0.0032007317058742046
40.26600875847,61.81271772137,465698463487913216,0.9404,0.0994,3.033,-1.813,2.431,31,1.366,,1.041,17.666979,18.556446,16.739407,1.817039,,43.41161241044,40.26602581819,61.81270691533,0.971067,0.46135964944630886,1,1.8170390000000012,0.0,0.8082751631736755,0.3044334352016449,0.6635910868644714,0.800000011920929,0.8082751631736755,0.8082751631736755,0.8082751631736755,0.1859472692012787
40.40235793848,61.84181949073,465698841444526976,0.8177,0.0186,1.659,0.175,1.65,31,1.499,,0.918,14.376892,14.830763,13.745178,1.085585,,43.41118752395,40.40235629288,61.84181215925,0.8507549999999999,0.43434380141014706,1,1.085585,2.802596928649634e-45,0.8280725479125977,0.12132368981838226,0.8098980784416199,0.8199999928474426,0.8280725479125977,0.8280725479125977,0.8280725479125977,0.021947873756289482
40.33373458087,61.84175320868,465699013243220608,1.026,0.0385,2.73,-1.847,2.01,31,1.452,,1.03,16.037275,16.625448,15.292371,1.333077,,43.4246391335,40.33375197456,61.84174427504,1.055642,0.4636754865346859,1,1.3330769999999994,6.455960332302224e-12,0.8065454959869385,0.305357962846756,0.3933379352092743,0.800000011920929,0.34657472372055054,0.10017939656972885,0.7299321889877319,0.7389117479324341
40.34752873347,61.86687790282,465699116312185088,0.8668,0.1975,3.041,-1.997,2.293,95,,1.338,0.995,18.780602,19.752445,17.722912,2.029533,,43.44475227701,40.34754755666,61.86686771122,0.8907430000000001,0.49236297866402323,1,2.0295330000000007,0.0,0.7847254872322083,0.31205832958221436,0.1779024600982666,0.0,9.180478627968114e-06,1.4699682878424938e-20,0.1589190661907196,0.7980490922927856
40.36126656468,61.88498886275,465699215097697664,0.8797,0.0549,2.701,-1.744,2.062,31,1.425,,1.086,16.665634,17.330374,15.860227,1.470147,,43.45850481549,40.36128301587,61.88497969905,0.908949,0.5128540609161477,1,1.470146999999999,6.153244146850367e-12,0.7687270641326904,0.28110069036483765,0.4965381622314453,0.7599999904632568,0.5953954458236694,0.2378106415271759,0.7687270641326904,0.6223136782646179
40.1997923866,61.84498058671,465699356840609792,0.9173,0.027,2.856,-1.816,2.204,31,1.477,,0.997,15.210553,15.719127,14.528643,1.190484,,43.45399161774,40.19980948756,61.84497079015,0.950046,0.5362260878111297,1,1.1904839999999997,1.4051213667861712e-20,0.7501077651977539,0.3092711269855499,0.4183705449104309,0.7400000095367432,0.4453085660934448,0.09316937625408173,0.7501077651977539,0.607986569404602
40.26990578713,61.84816505983,465699421256538368,0.9031,0.0939,2.688,-1.868,1.933,31,1.381,,0.992,17.708502,18.587675,16.822248,1.765427,,43.44304682387,40.26992338472,61.84815647005,0.93256,0.5029659770203241,1,1.7654270000000025,0.27942660450935364,0.7764874696731567,0.04587302729487419,0.768455982208252,0.7599999904632568,0.7764874696731567,0.7764874696731567,0.7764874696731567,0.039780519902706146
40.1871668903,61.84344407098,465699562999041536,0.9377,0.0278,2.72,-1.798,2.041,31,1.483,,1.096,15.130303,15.613747,14.44041,1.173337,,43.45508986138,40.18718382481,61.84343499979,0.970428,0.5414843429461127,1,1.173337,1.397181240699229e-20,0.745868980884552,0.24275004863739014,0.26360249519348145,0.0,0.19629907608032227,0.04362138360738754,0.4427921772003174,0.9030635356903076
40.28541580418,61.87191887283,465699833573409920,1.0193,0.069,2.856,-1.998,2.041,31,1.418,,1.1,16.930481,17.648249,16.1204,1.527849,,43.46156759929,40.28543464359,61.87190980229,1.048987,0.5266766373250703,1,1.5278489999999998,1.4194561483077737e-20,0.757760226726532,0.2665257453918457,0.5820662975311279,0.7400000095367432,0.757760226726532,0.4138936698436737,0.757760226726532,0.37738150358200073
40.28555787667,61.87969233428,465699837876933632,0.9017,0.0509,2.743,-1.893,1.985,31,1.43,,1.048,16.654799,17.313374,15.864187,1.449186,,43.46860110614,40.28557572609,61.87968351003,0.930818,0.5371357114402737,1,1.4491870000000002,5.998347218233446e-12,0.7493757605552673,0.2791488468647003,0.3809751868247986,0.7400000095367432,0.3685181140899658,0.09307845681905746,0.685966432094574,0.7637555003166199
41.27340070626,61.4302781819,465718117256653056,0.8601,0.0162,2.67,-1.784,1.986,31,1.575,,1.382,13.35042,13.626608,12.898256,0.728352,,42.8656195255,41.27341728813,61.4302693565,0.8936299999999999,0.5660666715005496,1,0.7283519999999992,2.802596928649634e-45,0.7258358001708984,0.3151301145553589,0.4112131893634796,0.7200000286102295,0.46085497736930847,0.04244976118206978,0.7258358001708984,0.5515927672386169
41.21480483149,61.42636068456,465718254695612160,0.918,0.0113,2.805,-1.575,2.321,31,1.614,,0.923,12.369166,12.580373,12.012688,0.567685,-53.53,42.87347938581,41.21481946737,61.42635037077,0.942184,0.53157345211769,1,0.5676849999999991,2.802596928649634e-45,0.7538436055183411,0.16593506932258606,0.7153528928756714,0.7400000095367432,0.7538436055183411,0.7538436055183411,0.7538436055183411,0.051059290766716
41.16715077116,61.42569798296,465718289055353088,0.8658,0.0359,2.74,-1.789,2.076,31,1.454,,1.012,16.034071,16.615803,15.305149,1.310654,,42.88218474671,41.16716739085,61.42568875825,0.89561,0.5023292058018055,1,1.3106539999999995,6.219341881774643e-12,0.776984691619873,0.2800176441669464,0.4835241734981537,0.7599999904632568,0.5455384254455566,0.2200031280517578,0.776984691619873,0.644413948059082
41.30786664072,61.4788134044,465718697073043072,0.9763,0.111,2.73,-1.494,2.285,31,1.362,,1.049,18.005123,18.94338,17.079807,1.863573,,42.90321553477,41.30788054526,61.47880325092,1.003318,0.5506514337053865,1,1.8635730000000024,0.7384388446807861,0.7384388446807861,1.1102230246251565e-16,0.7384388446807861,0.7200000286102295,0.7384388446807861,0.7384388446807861,0.7384388446807861,0.0
41.09948809141,61.46856371901,465719319847489536,0.9214,0.0112,2.412,-1.399,1.965,31,1.563,,0.945,12.605408,12.914029,12.129367,0.784662,-45.29,42.93452905718,41.09950111058,61.46855498687,0.94287,0.41588841789359976,1,0.7846619999999991,2.802596928649634e-45,0.8411685824394226,0.3052642345428467,0.7098916172981262,0.8399999737739563,0.8411685824394226,0.8411685824394226,0.8411685824394226,0.15607376396656036
41.11608157028,61.47752506603,465719354198727424,0.9833,1.2559,0.797,0.188,0.774,95,,1.3385,1.165,20.741692,20.895502,19.848286,1.047216,,42.93946080079,41.11607981889,61.47752162391,1.036885,0.4181245371593854,1,1.0472159999999988,0.8396013379096985,0.8396013379096985,1.1102230246251565e-16,0.8396013379096985,0.8199999928474426,0.8396013379096985,0.8396013379096985,0.8396013379096985,0.0
41.20695071739,61.5469485313,465720110121416704,0.8699,0.0329,2.678,-1.729,2.044,31,1.464,,1.051,15.847774,16.397919,15.136721,1.261198,,42.98506877308,41.20696684845,61.54693944531,0.902613,0.4358153187444663,1,1.261198000000002,1.5491821406043835e-20,0.7675197720527649,0.20861154794692993,0.18278488516807556,0.0,0.10272161662578583,0.005315912887454033,0.3175559341907501,0.9929888844490051
41.35881929037,61.48693727839,465720144481181568,0.9681,0.0533,2.703,-1.616,2.166,31,1.417,,1.014,16.83231,17.531763,16.01529,1.516474,,42.90071459522,41.35883433718,61.48692765139,0.997775,0.5824976015026457,1,1.5164730000000013,4.432924567785573e-14,0.7122662663459778,0.1977555751800537,0.6363803744316101,0.699999988079071,0.7122662663459778,0.7122662663459778,0.7122662663459778,0.15256820619106293
41.41902419662,61.56727462523,465721003474582528,0.8986,0.0184,2.751,-1.754,2.119,31,1.509,,1.051,14.433631,14.860579,13.814853,1.045726,-37.81,42.96237680186,41.41904057175,61.56726520774,0.931686,0.5939411813477266,1,1.0457260000000002,2.802596928649634e-45,0.7027415037155151,0.2629232406616211,0.3372362554073334,0.699999988079071,0.30196988582611084,0.08728611469268799,0.6041362285614014,0.761469304561615
41.42054199414,61.57875618923,465721106553789952,0.9093,0.0215,2.037,-0.461,1.984,31,1.491,,0.947,14.800868,15.276068,14.149354,1.126714,-22.41,42.97256658273,41.42054629461,61.57874736928,0.942306,0.5927168194350767,1,1.1267139999999998,2.802596928649634e-45,0.7037633061408997,0.08185844868421555,0.6941094398498535,0.699999988079071,0.7037633061408997,0.7037633061408997,0.7037633061408997,0.01371742133051157
41.25249014417,61.58900384151,465721725029358976,0.8919,0.0244,2.744,-1.734,2.127,31,1.483,,0.962,15.211091,15.707394,14.538469,1.168924,,43.01457591876,41.25250634069,61.58899438926,0.924728,0.45837032963772006,1,1.1689250000000015,1.8301724462421276e-23,0.81050044298172,0.24046540260314941,0.26851367950439453,0.0,0.2133089005947113,0.04740129038691521,0.44270074367523193,0.9519890546798706
41.37338286657,61.59795443486,465721931179825024,0.98,1.1358,2.723,-1.801,2.042,95,,1.284,1.09,20.699965,21.297585,19.641605,1.655979,,42.99924779705,41.37339969462,61.59794535766,1.032749,0.5527194877001694,1,1.6559800000000031,0.0,0.7367557883262634,0.31867682933807373,0.5531601905822754,0.7200000286102295,0.7367557883262634,0.7367557883262634,0.7367557883262634,0.24919982254505157
41.30813876691,61.59764297993,465722064327681920,0.8538,0.0251,2.615,-1.713,1.976,31,1.478,,1.013,15.228408,15.73772,14.549329,1.188391,,43.01163732086,41.30815477103,61.59763419973,0.886672,0.5011307951560473,1,1.1883909999999993,1.457219205092807e-20,0.7779196500778198,0.24993526935577393,0.2228027582168579,0.0,0.10832042247056961,0.013045713305473328,0.3825550675392151,0.923639714717865
41.05255995875,61.51367181607,465722652742090752,0.8717,0.0197,2.706,-1.863,1.962,31,1.503,,1.002,14.679751,15.124392,14.056518,1.067874,,42.98485434825,41.05257732108,61.51366309674,0.904669,0.34339146809298604,1,1.0678739999999998,0.0,0.8887692093849182,0.3342742621898651,0.42588719725608826,0.8799999952316284,0.3819064497947693,0.1103922426700592,0.8043454885482788,0.7404358983039856
41.02974186309,61.56742513372,465723614814967936,0.8627,0.0337,2.684,-1.741,2.043,31,1.466,,1.003,15.851207,16.39761,15.143051,1.254559,,43.03833616569,41.02975811279,61.56741605368,0.895366,0.2911763784754947,1,1.2545590000000004,1.7209533033844088e-20,0.9187110066413879,0.2631572484970093,0.26093149185180664,0.0,0.1712438315153122,0.03132210299372673,0.45179158449172974,0.9012345671653748
41.06266297066,61.63060333086,465724439440449536,0.8697,0.8055,4.366,-2.943,3.226,95,,1.4653,1.16,20.187836,,,,,43.08951275698,41.06269049552,61.63058899434,0.89749,0.3064553469755096,1,0.0,4.203895392974451e-45,0.9103602766990662,0.16566932201385498,0.8791407346725464,0.8999999761581421,0.9103602766990662,0.9103602766990662,0.9103602766990662,0.03429355099797249
41.17050066946,61.61515714734,465724851768898432,0.9792,0.5669,1.661,-1.571,0.542,95,,1.4567,1.053,20.135384,20.57311,19.16416,1.408951,,43.0544007031,41.17051535397,61.61515474018,1.006235,0.39100629503840867,1,1.4089500000000008,0.0,0.8582276105880737,0.34139299392700195,0.6890935897827148,0.8399999737739563,0.8582276105880737,0.8582276105880737,0.8582276105880737,0.19707362353801727
41.12365877773,61.67294718567,465726054347393792,0.907,0.1398,2.546,-1.525,2.039,95,,1.3219,1.029,18.05772,,,,,43.11623111534,41.12367306057,61.67293812236,0.94456,0.36607808158902394,1,0.0,4.203895392974451e-45,0.8745785355567932,0.10714666545391083,0.8612486124038696,0.8600000143051147,0.8745785355567932,0.8745785355567932,0.8745785355567932,0.01524157915264368
41.14665116585,61.7321351471,465726672822595840,0.9067,0.0335,2.615,-1.647,2.031,31,1.462,,0.992,15.604994,16.161406,14.888306,1.2731,,43.16572501161,41.14666661823,61.73212612004,0.939505,0.4188146768881258,1,1.2730999999999995,0.0,0.8391165137290955,0.2001238465309143,0.1168781965970993,0.0,0.005393712781369686,4.80780101952405e-07,0.13637220859527588,0.9888736605644226
41.41654405833,61.61716159491,465727841053812608,0.9139,0.1529,2.773,-1.889,2.03,31,1.361,,0.963,18.485544,19.455502,17.484755,1.970747,,43.0084089545,41.41656171559,61.61715257285,0.935438,0.5859280233055745,1,1.9707469999999994,8.299447472381871e-06,0.7094171047210693,0.04900426045060158,0.7049403786659241,0.699999988079071,0.7094171047210693,0.7094171047210693,0.7094171047210693,0.011736015789210796
41.36808297573,61.64630531651,465728115940377600,1.0147,0.0125,0.891,0.126,0.882,31,1.544,,0.978,13.203697,13.550911,12.684674,0.866237,,43.0444131355,41.36808179802,61.64630139434,1.048428,0.5495985549351162,1,0.8662369999999999,2.802596928649634e-45,0.7392947673797607,0.15295056998729706,0.7061668038368225,0.7200000286102295,0.7392947673797607,0.7392947673797607,0.7392947673797607,0.04481024295091629
41.3745334249,61.71590416722,465731375814421760,0.9236,0.0782,2.541,-1.555,2.01,31,1.395,,0.994,17.211615,17.947062,16.343555,1.603506,,43.10668453657,41.37454800827,61.71589523394,0.954385,0.5763351681215639,1,1.6035070000000005,2.802596928649634e-45,0.7173709273338318,0.30038920044898987,0.5438974499702454,0.699999988079071,0.7173709273338318,0.4258740246295929,0.7173709273338318,0.25621095299720764
41.26829636776,61.71578830864,465731478893630208,0.8959,0.105,2.744,-1.741,2.121,31,1.375,,1.03,17.73346,18.605669,16.825256,1.780413,,43.12718048785,41.26831269907,61.71577887994,0.925365,0.49641431047497375,1,1.7804129999999994,6.181736722510323e-08,0.7815882563591003,0.07635537534952164,0.7654880881309509,0.7799999713897705,0.7815882563591003,0.7815882563591003,0.7815882563591003,0.06325255334377289
40.88109001593,61.59419402219,465770790737380736,0.8673,0.1282,2.81,-1.801,2.158,95,,1.3584,1.039,18.107851,,,,,43.09182765381,40.88110684152,61.59418443284,0.898944,0.16578940617817667,1,0.0,0.0,0.972888171672821,0.094875268638134,0.9635463356971741,0.9599999785423279,0.972888171672821,0.972888171672821,0.972888171672821,0.009602194651961327
40.95130699135,61.60438608547,465770855156167168,1.02,0.1362,2.764,-1.818,2.082,31,1.303,,1.013,18.255028,19.51195,17.180119,2.331831,,43.08736978265,40.95132398364,61.60437683118,1.047017,0.21823348556177777,1,2.3318309999999975,0.00022694183280691504,0.9534904360771179,0.11118589341640472,0.9335919618606567,0.9399999976158142,0.9534904360771179,0.9534904360771179,0.9534904360771179,0.029263831675052643
40.88930959175,61.62493197008,465771134334760960,0.9147,0.0306,2.715,-1.856,1.981,31,1.471,,1.071,15.660806,16.168436,14.905521,1.262915,,43.11822718836,40.88932694918,61.62492316468,0.947377,0.16884556773702836,1,1.2629149999999996,4.203895392974451e-45,0.9718937277793884,0.30090203881263733,0.2718755602836609,0.0,0.1579509973526001,0.02673928812146187,0.4176252782344818,0.8094802498817444
40.90523551798,61.63593813341,465771168694496768,0.9339,0.0572,2.767,-1.871,2.038,31,1.421,,0.974,16.876886,17.556358,16.075586,1.480772,,43.1251388987,40.90525302167,61.63592907372,0.963482,0.18380099206207826,1,1.4807719999999982,3.6220677429810166e-05,0.9667814373970032,0.315804123878479,0.7172084450721741,0.9599999785423279,0.9667814373970032,0.47543105483055115,0.9667814373970032,0.23670172691345215
40.88462453599,61.64140243326,465771203054234752,0.91,0.0141,2.712,-1.863,1.97,31,1.643,,0.891,10.609158,10.768263,10.310573,0.45769,-45.44,43.13415173718,40.88464197187,61.64139367868,0.929341,0.16979579918925036,1,0.4576899999999995,0.0016342255985364318,0.9715810418128967,0.2483130693435669,0.9010645747184753,0.9599999785423279,0.9715810418128967,0.9715810418128967,0.9715810418128967,0.07468374073505402
41.00426332537,61.64458097536,465771409212659840,0.8477,0.0357,2.583,-1.575,2.048,31,1.456,,1.007,15.964689,16.541183,15.236541,1.304643,,43.11365643054,41.00427805979,61.64457187302,0.878996,0.2635111917975899,1,1.3046419999999994,0.0,0.9329178333282471,0.2507600486278534,0.08790439367294312,0.0,6.564313981272107e-09,1.0054034085934542e-25,0.004036975558847189,0.9237921237945557
41.02895792768,61.66633226366,465771443572391808,0.8958,0.0429,2.744,-1.695,2.158,31,1.441,,0.956,16.351297,16.968536,15.586961,1.381576,,43.12866292481,41.02897379924,61.66632267119,0.924472,0.29098240271034076,1,1.3815749999999998,7.354615180754642e-12,0.9188147187232971,0.307974636554718,0.686569094657898,0.8999999761581421,0.9188147187232971,0.47769781947135925,0.9188147187232971,0.36213991045951843
40.9087641141,61.66053207788,465771615371089280,0.9347,0.0637,2.607,-1.775,1.91,31,1.416,,0.969,17.045057,17.74778,16.238106,1.509674,,43.14685848957,40.90878073049,61.66052359042,0.964577,0.19793596293053656,1,1.5096740000000004,7.696918623290028e-12,0.961578905582428,0.3291472792625427,0.7507213950157166,0.9599999785423279,0.961578905582428,0.5708504319190979,0.961578905582428,0.2280140221118927
40.86124771951,61.63679050159,465771095671761536,0.9918,0.075,2.746,-1.819,2.057,31,1.405,,1.011,17.309406,18.05609,16.463877,1.592213,,43.13452676885,40.86126473964,61.63678135872,1.022287,0.14998743103950463,1,1.592213000000001,0.01639695279300213,0.9777549505233765,0.16003377735614777,0.907942533493042,0.9599999785423279,0.9777549505233765,0.9777549505233765,0.9777549505233765,0.04039018601179123
40.85625089245,61.65908187028,465771954665247104,1.0239,0.1268,2.828,-1.981,2.017,31,1.359,,0.98,18.216188,19.136122,17.266792,1.86933,,43.15581337738,40.85626944306,61.65907290432,1.048613,0.15905124146353436,1,1.8693300000000015,0.0,0.9750199913978577,0.16363921761512756,0.9435257315635681,0.9599999785423279,0.9750199913978577,0.9750199913978577,0.9750199913978577,0.033683888614177704
40.84101298854,61.66000273948,465772027687952128,0.9138,0.1153,2.572,-1.446,2.127,31,1.361,,0.989,18.068695,18.955297,17.131548,1.823749,,43.15963597772,40.84102653139,61.65999328794,0.940135,0.1491331000345168,1,1.823749000000003,0.9780048131942749,0.9780048131942749,1.1102230246251565e-16,0.9780048131942749,0.9599999785423279,0.9780048131942749,0.9780048131942749,0.9780048131942749,0.0
40.80113909234,61.67525176747,465772302565856512,0.8886,0.0264,2.789,-1.866,2.072,31,1.485,,1.018,15.323049,15.816672,14.658179,1.158493,,43.18133604667,40.80115657601,61.67524255977,0.921285,0.1393102642323532,1,1.158493,4.203895392974451e-45,0.980779767036438,0.3362022638320923,0.32014626264572144,0.0,0.19862309098243713,0.02405308000743389,0.5357084274291992,0.7236701846122742
40.80721148688,61.69253822381,465772332619932416,0.8955,0.1564,2.672,-1.679,2.078,31,1.34,,0.973,18.484043,19.515562,17.506155,2.009407,,43.19589012594,40.80722722566,61.69252898804,0.917658,0.16398003167285924,1,2.0094069999999995,0.9734688401222229,0.9734688401222229,3.3306690738754696e-16,0.9734688401222229,0.9599999785423279,0.9734688401222229,0.9734688401222229,0.9734688401222229,0.0
40.88327932851,61.67167935419,465772366982135040,0.8946,0.0362,2.684,-1.729,2.053,31,1.459,,1.029,15.995631,16.558783,15.27245,1.286333,,43.16200013324,40.88329551855,61.6716702293,0.925143,0.1878149165804298,1,1.286332999999999,2.6218313564640994e-07,0.9653404355049133,0.3038395643234253,0.3354056775569916,0.0,0.2733360528945923,0.05645694583654404,0.5730834603309631,0.7966773509979248
40.89222565805,61.67083062118,465772371285331456,0.8292,0.0355,2.658,-1.701,2.042,31,1.459,,1.001,15.937858,16.505686,15.21567,1.290016,,43.15947671998,40.89224159228,61.67082154372,0.8610450000000001,0.19333282839086602,1,1.2900160000000014,1.8045017764265324e-20,0.8940142393112183,0.24299268424510956,0.2129095494747162,0.0,0.11965109407901764,0.006192024797201157,0.3698921203613281,0.9090077877044678
40.90621441285,61.70672651819,465772577443753216,1.047,0.0657,2.768,-1.741,2.152,95,,1.4211,1.058,16.997139,,,,,43.18944475053,40.90623073574,61.70671695511,1.077893,0.23611175420416317,1,0.0,0.9457767009735107,0.9457767009735107,0.0,0.9457767009735107,0.9399999976158142,0.9457767009735107,0.9457767009735107,0.9457767009735107,0.0
40.97072835245,61.72091780171,465774020552759552,0.8648,0.0153,2.718,-1.767,2.065,31,1.6,,1.033,13.000316,13.234422,12.622148,0.612274,,43.18977505484,40.97074492444,61.72090862344,0.894003,0.290778434968326,1,0.6122740000000011,7.355487746663059e-12,0.9189237952232361,0.34930580854415894,0.6851253509521484,0.8999999761581421,0.9189237952232361,0.39486396312713623,0.9189237952232361,0.33409541845321655
40.92316161267,61.75184567671,465774295430712192,0.8982,0.0247,2.766,-1.861,2.046,31,1.497,,1.066,14.998067,15.459086,14.360448,1.098639,,43.2272378247,40.9231790914,61.75183658489,0.930942,0.29855014418816755,1,1.0986379999999993,9.857966405727353e-26,0.9147246479988098,0.32520434260368347,0.380667507648468,0.8999999761581421,0.3291725814342499,0.077133409678936,0.6422487497329712,0.7940862774848938
40.88339510852,61.75513613724,465774359844544512,0.9373,0.1406,2.658,-1.879,1.88,31,1.349,,1.049,18.31233,19.334888,17.359116,1.975773,,43.23800115445,40.88341275385,61.75512778133,0.961253,0.2835405363455267,1,1.9757719999999992,0.9227515459060669,0.9227515459060669,3.3306690738754696e-16,0.9227515459060669,0.9200000166893005,0.9227515459060669,0.9227515459060669,0.9227515459060669,0.0
40.74179331512,61.6819281617,465775120064223232,0.9431,0.0373,2.522,-1.492,2.033,31,1.456,,1.067,15.980385,16.5556,15.242364,1.313235,,43.19904887175,40.74180729296,61.68191912703,0.974018,0.12125758804262442,1,1.313235999999998,0.0,0.9854041934013367,0.24849924445152283,0.0679711177945137,0.0,4.203895392974451e-45,0.0,7.887627183345014e-12,0.9317177534103394
40.75260951729,61.70213486957,465775223143434624,0.8816,0.0174,2.728,-1.86,1.996,31,1.657,,0.996,9.749821,9.884574,9.481258,0.403316,-35.46,43.21532701076,40.75262695574,61.70212599764,0.903211,0.15552357580723797,1,0.40331600000000023,0.9761025905609131,0.9761025905609131,1.1102230246251565e-16,0.9761025905609131,0.9599999785423279,0.9761025905609131,0.9761025905609131,0.9761025905609131,0.0
40.79234700695,61.69239708181,465775253197693952,0.8132,0.0691,2.783,-1.804,2.119,31,1.383,,1.037,16.998539,17.834425,16.096851,1.737574,,43.19867311345,40.79236391679,61.69238766323,0.8443240000000001,0.15666492755894615,1,1.7375739999999986,4.203895392974451e-45,0.9757548570632935,0.24097733199596405,0.8621211647987366,0.9599999785423279,0.9757548570632935,0.8976492881774902,0.9757548570632935,0.09510745108127594
40.81107875036,61.70543810724,465775291863087104,0.9186,0.0248,2.591,-1.715,1.941,31,1.491,,1.038,15.133956,15.612918,14.481807,1.131111,,43.20688104765,40.81109483486,61.70542947951,0.951326,0.18295405568542622,1,1.1311110000000006,4.203895392974451e-45,0.9670817852020264,0.3414725661277771,0.26407191157341003,0.0,0.08607778698205948,0.0016266577877104282,0.44651514291763306,0.7815881967544556
40.71989176191,61.710954591,465775429301863808,0.9251,0.0312,2.768,-1.812,2.092,31,1.471,,1.028,15.663794,16.198967,14.968844,1.230123,,43.22977125725,40.71990875772,61.71094529138,0.957738,0.16185421872442302,1,1.230122999999999,4.203895392974451e-45,0.974143385887146,0.3338230848312378,0.34035593271255493,0.0,0.2367415428161621,0.03321198746562004,0.5783094167709351,0.7463801503181458
40.73465672042,61.72438728388,465775532376420224,0.9792,1.7794,2.402,-2.4,0.095,95,,1.5717,0.991,20.853014,21.329254,20.189196,1.140059,,43.2391056292,40.73467923996,61.72438686119,1.009366,0.18631225906435325,1,1.1400579999999998,0.9658833146095276,0.9658833146095276,2.220446049250313e-16,0.9658833146095276,0.9599999785423279,0.9658833146095276,0.9658833146095276,0.9658833146095276,0.0
40.77193141253,61.74070484691,465775940392494208,0.878,0.1611,2.558,-1.82,1.798,95,,1.3414,1.019,18.507225,19.482449,17.48205,2.000399,,43.24665958932,40.77194849769,61.74069685713,0.905789,0.22098051977517302,1,2.000398999999998,0.9523407220840454,0.9523407220840454,2.220446049250313e-16,0.9523407220840454,0.9399999976158142,0.9523407220840454,0.9523407220840454,0.9523407220840454,0.0
40.82517419022,61.78741849336,465776116496600064,0.9144,0.016,2.716,-1.828,2.009,31,1.527,,0.95,14.100908,14.486799,13.536502,0.950297,,43.27877656012,40.82519137462,61.78740956577,0.947475,0.3087539455272718,1,0.9502969999999991,9.536679763920633e-17,0.9090738296508789,0.34313562512397766,0.5964493751525879,0.8999999761581421,0.7210229635238647,0.2574041485786438,0.9090738296508789,0.5108977556228638
40.82623455099,61.77671744276,465776116496605184,0.8253,0.0459,2.771,-1.781,2.123,31,1.449,,1.05,16.394596,16.989195,15.649586,1.339609,,43.26882550431,40.82625128632,61.77670800595,0.8538530000000001,0.2926737346867009,1,1.3396089999999994,4.203895392974451e-45,0.9179081916809082,0.32504817843437195,0.6323169469833374,0.8999999761581421,0.7794361710548401,0.35245785117149353,0.9179081916809082,0.403292179107666
40.6719844569,61.71524755996,465776219575846656,0.8751,0.0581,2.754,-1.806,2.078,31,1.423,,1.024,16.817835,17.498413,16.02781,1.470604,,43.24307719888,40.67200139948,61.71523832306,0.904563,0.16546017250598105,1,1.4706030000000005,1.1383029232092667e-05,0.9729942679405212,0.24619407951831818,0.8233625888824463,0.9599999785423279,0.9729942679405212,0.7536047101020813,0.9729942679405212,0.13549764454364777
40.70052156694,61.74556928059,465776357014791936,0.8164,0.0524,2.721,-1.874,1.973,31,1.429,,0.988,16.762478,17.418318,15.977059,1.441258,,43.26507888832,40.70053916348,61.74556051338,0.845662,0.21674808884395524,1,1.4412589999999987,6.71340583124902e-09,0.9541067481040955,0.33539843559265137,0.654683530330658,0.9399999976158142,0.7864845991134644,0.35494735836982727,0.9541067481040955,0.3395823836326599
40.718622996,61.75042487208,465776387069101568,0.979,0.1645,2.552,-1.754,1.855,31,1.276,,1.051,18.58412,20.01208,17.446661,2.565418,,43.26595070448,40.71863946197,61.75041662931,1.002237,0.22644510141512988,1,2.565419000000002,0.950015127658844,0.950015127658844,3.3306690738754696e-16,0.950015127658844,0.9399999976158142,0.950015127658844,0.950015127658844,0.950015127658844,0.0
40.63254370687,61.78038352253,465776696312000896,0.9477,0.1428,2.478,-1.593,1.898,31,1.34,,1.031,18.353933,19.329128,17.355621,1.973507,,43.31009250428,40.63255867667,61.78037508723,0.971488,0.27621548285846953,1,1.9735070000000015,0.9265428185462952,0.9265428185462952,3.3306690738754696e-16,0.9265428185462952,0.9200000166893005,0.9265428185462952,0.9265428185462952,0.9265428185462952,0.0
40.66261405156,61.78214372691,465776734971903360,0.8761,0.1365,2.627,-1.791,1.922,31,1.343,,1.011,18.319515,19.2979,17.372637,1.925263,,43.30579705782,40.66263088653,61.78213518297,0.900197,0.2771394337430198,1,1.9252629999999975,0.9260692596435547,0.9260692596435547,1.1102230246251565e-16,0.9260692596435547,0.9200000166893005,0.9260692596435547,0.9260692596435547,0.9260692596435547,0.0
40.7205958071,61.77462941402,465776838051118208,0.9345,0.0199,2.642,-1.755,1.974,31,1.499,,0.994,14.632548,15.088106,13.994459,1.093647,,43.28759602425,40.72061230171,61.77462063964,0.967434,0.2666176753512664,1,1.093646999999999,1.003749019363786e-25,0.9313827157020569,0.3424603044986725,0.42626723647117615,0.9200000166893005,0.38462352752685547,0.08290029317140579,0.7387170791625977,0.6549306511878967
40.68003025915,61.80163428617,465777108623670784,0.8616,0.0708,2.663,-1.762,1.998,31,1.401,,0.985,17.257133,18.020407,16.427654,1.592753,,43.32011980873,40.68004682938,61.80162540787,0.892178,0.30939973627459716,1,1.5927529999999983,1.0630980796122458e-05,0.9087109565734863,0.2602294087409973,0.7498829364776611,0.8999999761581421,0.9087109565734863,0.6380264163017273,0.9087109565734863,0.251333624124527
40.93137257308,61.80759272376,465777486580806912,0.9073,0.1355,2.685,-1.627,2.136,31,1.36,,1.036,18.231544,19.08175,17.22765,1.854101,,43.27641570209,40.93138787712,61.80758323081,0.931801,0.37726958508543534,1,1.854099999999999,0.867332935333252,0.867332935333252,3.3306690738754696e-16,0.867332935333252,0.8600000143051147,0.867332935333252,0.867332935333252,0.867332935333252,0.0
40.9131418745,61.80291612208,465777490886311040,0.9414,0.0138,3.393,-2.438,2.36,31,1.61,,0.99,12.738875,12.956104,12.380799,0.575305,,43.27571203773,40.91316480684,61.80290563492,0.966264,0.3631003866352833,1,0.5753050000000002,4.203895392974451e-45,0.8764795660972595,0.05913195386528969,0.8724718689918518,0.8600000143051147,0.8764795660972595,0.8764795660972595,0.8764795660972595,0.004572473932057619
40.89014084312,61.80916326968,465777525246048896,0.9614,0.1063,2.488,-1.698,1.818,31,1.367,,0.959,17.903225,18.768837,17.008072,1.760765,,43.28588946086,40.89015681441,61.80915518837,0.989353,0.36329591665849176,1,1.7607650000000028,1.0252450010739267e-05,0.8763551115989685,0.13026735186576843,0.8512524366378784,0.8600000143051147,0.8763551115989685,0.8763551115989685,0.8763551115989685,0.04206675663590431
40.84704921585,61.78252977528,465777593967106432,0.8953,0.0208,2.638,-1.806,1.923,95,,1.6321,0.884,10.867579,11.018289,10.576168,0.442121,,43.27005011765,40.84706619503,61.78252123079,0.922597,0.3083636697400799,1,0.4421210000000002,4.203895392974451e-45,0.9092927575111389,0.2932051122188568,0.798194169998169,0.8999999761581421,0.9092927575111389,0.9092927575111389,0.9092927575111389,0.1258954405784607
40.8231523025,61.81701806665,465777692739054592,0.9172,0.0123,3.106,-1.971,2.401,31,1.61,,1.005,12.306809,12.524998,11.941587,0.58341,,43.30612155604,40.82317084671,61.81700739635,0.940791,0.3543540483816283,1,0.5834109999999999,4.203895392974451e-45,0.8819968700408936,0.05950406193733215,0.8779639601707458,0.8799999952316284,0.8819968700408936,0.8819968700408936,0.8819968700408936,0.004572473932057619
40.94536415019,61.85152009436,465778070696435840,0.8715,0.0562,2.77,-1.733,2.161,31,1.437,,1.076,16.603338,17.246609,15.844564,1.402044,,43.31369763955,40.94538047703,61.85151048915,0.90044,0.44603517188234765,1,1.4020449999999993,6.48232401090354e-08,0.8195930123329163,0.262009859085083,0.6449880003929138,0.800000011920929,0.8195930123329163,0.4865591526031494,0.8195930123329163,0.38149672746658325
40.88833812345,61.83841922504,465778208135362048,0.9683,0.0626,2.919,-1.644,2.412,31,1.398,,1.01,16.909864,17.68554,16.04076,1.644779,,43.31288298536,40.88835360099,61.8384085037,0.99866,0.4065132131445415,1,1.6447800000000008,0.0,0.8476791977882385,0.2676122188568115,0.7500731348991394,0.8399999737739563,0.8476791977882385,0.8476791977882385,0.8476791977882385,0.1179698184132576
40.94281651317,61.88612416494,465778384233889024,0.8446,1.2246,4.677,-3.586,3.003,95,,1.3285,1.076,20.511791,,,,,43.34570798872,40.94285033343,61.88611081784,0.890914,0.49664241636617407,1,0.0,2.802596928649634e-45,0.7814112305641174,0.18207702040672302,0.7363916635513306,0.7799999713897705,0.7814112305641174,0.7814112305641174,0.7814112305641174,0.05761316791176796
40.81594412338,61.85653618483,465778624757458944,0.8632,0.0404,2.754,-1.704,2.164,31,1.457,,1.02,16.050577,16.6247,15.325365,1.299335,,43.3435054486,40.81596017584,61.8565265657,0.892493,0.4156202678586806,1,1.299335000000001,0.0,0.8413561582565308,0.31185850501060486,0.5463875532150269,0.8399999737739563,0.6430572867393494,0.27111953496932983,0.8413561582565308,0.573235809803009
40.80208504397,61.84772576004,465778624757465728,0.8876,0.0152,2.65,-1.735,2.003,31,1.547,,0.957,13.812451,14.155062,13.299848,0.855214,,43.3381919488,40.80210139212,61.8477168576,0.92074,0.39863015584634287,1,0.8552139999999984,0.0,0.8530765175819397,0.3201993703842163,0.5685877203941345,0.8399999737739563,0.7032038569450378,0.2748963236808777,0.8530765175819397,0.5128791332244873
41.10779390838,61.80315124958,465779861708248704,0.8337,0.1191,3.028,-1.973,2.297,31,1.331,,1.029,18.040358,19.133898,17.043295,2.090603,,43.2380199931,41.10781246807,61.80314104122,0.861935,0.4616118523520339,1,2.090602999999998,0.0,0.8080870509147644,0.3199554681777954,0.18372392654418945,0.0,9.453784514334984e-06,8.708735350073917e-26,0.16365014016628265,0.800944983959198
41.23791349344,61.83422468387,465780166643287168,0.7986,0.4271,5.163,-3.621,3.681,95,,1.314,1.092,19.603905,20.821896,18.494543,2.327352,,43.24109082329,41.23794758842,61.83420832591,0.824951,0.5730529275190106,1,2.3273529999999987,0.0,0.7200824022293091,0.21746589243412018,0.6469876170158386,0.7200000286102295,0.7200824022293091,0.7200824022293091,0.7200824022293091,0.10150891542434692
41.05574935451,61.88425933488,465784049297729024,0.9081,0.3103,3.81,-2.908,2.461,95,,1.2868,0.999,19.373257,20.47788,18.362694,2.115187,,43.32204433169,41.05577678357,61.88424839618,0.934595,0.5377411622230146,1,2.115185999999998,0.0,0.7488881945610046,0.34555649757385254,0.23022519052028656,0.0,2.802596928649634e-45,0.0,0.7488881945610046,0.6925773620605469
40.58824088681,61.77261527486,465788314203740544,0.8461,0.0644,2.666,-1.662,2.085,31,1.414,,1.017,17.007868,17.703352,16.196503,1.506849,,43.3117196651,40.58825650175,61.77260600962,0.875991,0.2702862776269375,1,1.506848999999999,2.7701597460350058e-08,0.9295499920845032,0.27484220266342163,0.8183724880218506,0.9200000166893005,0.9295499920845032,0.9295499920845032,0.9295499920845032,0.13610729575157166
40.59094280286,61.79508390939,465788417282947200,0.8462,0.0696,2.853,-1.802,2.212,31,1.399,,1.042,17.146328,17.892744,16.298517,1.594227,,43.33162959159,40.59095975283,61.79507407976,0.876748,0.3061180196968213,1,1.594227,4.203895392974451e-45,0.9105483889579773,0.321556955575943,0.7176116704940796,0.8999999761581421,0.9105483889579773,0.6108261346817017,0.9105483889579773,0.2802926301956177
40.6176535055,61.800520919,465788451642682368,0.8537,0.2951,2.777,-2.091,1.827,95,,1.4476,1.31,18.887228,19.19371,17.65136,1.542351,,43.33133498818,40.61767317206,61.8005127986,0.86942,0.31108744176010206,1,1.542349999999999,4.203895392974451e-45,0.9077598452568054,0.08125735074281693,0.9004269242286682,0.8999999761581421,0.9077598452568054,0.9077598452568054,0.9077598452568054,0.008078036829829216
40.58960668449,61.80696735057,465788520356372992,0.8196,0.5332,2.817,-1.86,2.115,95,,1.2527,1.016,20.18514,21.448446,19.044685,2.403761,,43.34270194386,40.58962418638,61.8069579504,0.854125,0.3256781606043843,1,2.4037609999999994,0.0,0.8993650674819946,0.14481833577156067,0.8748478889465332,0.8799999952316284,0.8993650674819946,0.8993650674819946,0.8993650674819946,0.028044505044817924
40.5935191389,61.81534767168,465788726520582784,0.851,0.1031,2.915,-2.164,1.953,31,1.363,,1.013,17.774517,18.670403,16.853096,1.817306,,43.34955750656,40.59353950507,61.81533899297,0.880611,0.338724104298319,1,1.8173069999999996,0.0,0.8916032910346985,0.22879643738269806,0.8284125328063965,0.8799999952316284,0.8916032910346985,0.8916032910346985,0.8916032910346985,0.07087334245443344
40.65647858475,61.8675157223,465789306340320768,0.7831,1.1073,1.341,-1.015,0.876,95,,1.368,1.055,20.68211,21.09126,19.858768,1.232492,,43.38467501926,40.65648815169,61.86751182994,0.83319,0.4195055072099712,1,1.232491999999997,0.0,0.8386306762695312,0.23806831240653992,0.764494776725769,0.8199999928474426,0.8386306762695312,0.8386306762695312,0.8386306762695312,0.08840116113424301
40.55253379271,61.84333319813,465789581208764288,0.9402,0.0826,2.755,-1.888,2.006,31,1.386,,0.988,17.484446,18.292377,16.609882,1.682495,,43.38305327196,40.55255157852,61.84332428363,0.971642,0.39142040211052676,1,1.6824949999999994,4.203895392974451e-45,0.8579496145248413,0.10808664560317993,0.825340747833252,0.8399999737739563,0.8579496145248413,0.8579496145248413,0.8579496145248413,0.08398109674453735
40.54147853482,61.8676379063,465789649934604928,0.8291,0.205,2.876,-1.76,2.274,31,1.314,,1.01,18.866657,19.959179,17.8303,2.12888,,43.40732459797,40.54149512608,61.86762779876,0.8468009999999999,0.43281483038739144,1,2.1288789999999977,0.0,0.8291711807250977,0.2697378695011139,0.7206493616104126,0.8199999928474426,0.8291711807250977,0.8291711807250977,0.8291711807250977,0.14357566833496094
40.57187129698,61.85798935601,465789959165917312,1.0692,0.1484,2.94,-1.949,2.201,31,1.295,,1.009,18.416445,19.697102,17.338808,2.358293,,43.39258865701,40.57188966562,61.85797957217,1.094233,0.41176080007172466,1,2.358294000000001,0.0,0.8440471291542053,0.31056898832321167,0.6866951584815979,0.8399999737739563,0.8440471291542053,0.8440471291542053,0.8440471291542053,0.2121627777814865
40.64976301458,61.89493380283,465790852518896384,0.8587,0.0129,2.343,-1.667,1.647,31,1.581,,0.975,13.165039,13.435192,12.731202,0.70399,,43.41093097253,40.64977873918,61.89492648473,0.892186,0.4653857483821075,1,0.703990000000001,0.0,0.805264949798584,0.30242863297462463,0.667927086353302,0.800000011920929,0.805264949798584,0.805264949798584,0.805264949798584,0.17101052403450012
40.80717086347,61.93100605767,465791200421653376,1.0341,0.0247,5.487,-3.732,4.022,31,1.474,,1.015,14.964252,15.485724,14.27636,1.209364,,43.41299851694,40.80720611862,61.93098818322,1.067028,0.5349428919086667,1,1.209363999999999,0.0,0.7511395215988159,0.08879265189170837,0.7404923439025879,0.7400000095367432,0.7511395215988159,0.7511395215988159,0.7511395215988159,0.014174668118357658
40.52032716872,61.94610688321,465793498218681856,0.8723,0.4723,2.737,-1.706,2.14,95,,1.3072,1.018,20.049181,21.40465,18.83023,2.574419,,43.48281417768,40.52034328967,61.94609737297,0.903118,0.5638618086729599,1,2.57442,2.802596928649634e-45,0.7276463508605957,0.059997543692588806,0.722520112991333,0.7200000286102295,0.7276463508605957,0.7276463508605957,0.7276463508605957,0.007315957918763161
40.50960053043,61.95572178668,465793498219208704,0.889,0.079,2.769,-1.785,2.117,31,1.405,,0.996,17.241575,17.992605,16.402927,1.589678,,43.49365644016,40.50961740399,61.95571237726,0.919407,0.5813633429482425,1,1.5896780000000028,8.343788067577407e-06,0.7132071852684021,0.12728586792945862,0.660649836063385,0.699999988079071,0.7132071852684021,0.7132071852684021,0.7132071852684021,0.22359396517276764
40.40171021499,61.9477034211,465793983560482048,0.9117,0.0283,2.898,-2.072,2.027,31,1.456,,1.136,15.138302,15.709438,14.406429,1.303009,,43.50753813894,40.40172979701,61.94769441382,0.944705,0.5938798592752503,1,1.3030090000000012,0.0,0.7027927041053772,0.14106890559196472,0.029631784185767174,0.0,2.802596928649634e-45,0.0,5.6254753459661355e-12,0.957933247089386
40.08075540454,61.81479091738,465885620975594240,0.9937,0.1747,3.06,-2.119,2.208,31,1.337,,1.066,18.602232,19.687593,17.60991,2.077684,,43.45011782238,40.08077534167,61.81478110503,1.014466,0.5757612979859615,1,2.0776830000000004,0.0,0.7178453803062439,0.3360265791416168,0.24188610911369324,0.0,5.745964034437057e-12,2.802596928649634e-45,0.7178453803062439,0.6688004732131958
