Cluster,RA_ICRS,DE_ICRS,GLON,GLAT,pmRA,pmDE,Plx,SimbadName,_RA_icrs,_DE_icrs,Source,RV,Gmag,BP-RP,Proba
NGC_1027,41.57027455189,61.1734087456,136.32829292462,1.32480718142,-1.47,2.096,0.7914,Gaia DR2  464949661706849280,41.57028767958,61.1733997213,464949661706849280,,16.2073,1.3947,0.9
NGC_1027,41.77163483771,61.19755046768,136.40562197006,1.38825193649,-1.212,1.874,0.9171,,41.7716456668,61.19754240009,464949043231528064,,17.0693,1.5686,0.1
NGC_1027,41.65450039682,61.223745354,136.34341030816,1.38767159905,-1.608,2.285,0.9511,Gaia DR2  464950211462625792,41.65451477752,61.22373551392,464950211462625792,,16.5363,1.4369,1.0
NGC_1027,42.00647046214,61.49434426384,136.37894376653,1.70456770818,-2.197,1.9,0.8709,Gaia DR2  464960858681114112,42.00649028305,61.49433608247,464960858681114112,,15.2663,1.2747,0.6
NGC_1027,41.19842167946,61.01353706884,136.23353582688,1.10369008966,-2.151,2.891,0.7366,,41.19844079449,61.01352462134,465597956950392960,,17.7557,1.7619,0.2
NGC_1027,41.07503148028,61.14560974179,136.12371230897,1.198281017,-1.588,1.61,0.8645,,41.07504565129,61.14560281146,465608372252025984,,16.1076,1.3322,0.4
NGC_1027,41.22303556433,61.32441497139,136.11284517337,1.39044198193,-1.94,2.067,0.9421,Gaia DR2  465611945664660736,41.22305297236,61.32440606975,465611945664660736,,16.5048,1.3985,0.9
NGC_1027,40.3861286768,61.16180402429,135.81468997212,1.07469602325,-1.62,1.262,0.7137,,40.38614313641,61.16179859249,465594662715305984,,16.1045,1.6594,0.1
NGC_1027,40.43380783648,61.16348976608,135.83495679033,1.08570050448,-1.345,2.505,0.7979,Gaia DR2  465617954318554112,40.43381984006,61.1634789796,465617954318554112,,17.4744,1.8212,0.8
NGC_1027,41.23669927038,61.27621652905,136.139187003,1.34954395438,-1.574,2.314,0.8491,Gaia DR2  465610704414118144,41.23671337481,61.2762065667,465610704414118144,,17.1227,1.7638,1.0
NGC_1027,40.71300113651,60.99843795286,136.02621243071,0.99134452608,-1.592,1.313,0.8049,,40.71301527113,60.99843230136,465600641311012224,,16.0457,1.5009,0.1
NGC_1027,40.73682297756,61.13838108238,135.9784606086,1.12339537363,-1.94,2.579,0.7761,Gaia DR2  465614213401641856,40.73684027927,61.13836997779,465614213401641856,,17.8193,,0.7
NGC_1027,41.05149738689,61.20704994235,136.08756224877,1.24924573665,-1.165,1.401,0.8396,,41.05150780029,61.20704390978,465609540483084288,,17.0039,,0.1
NGC_1027,40.65691789579,61.29149576333,135.87979801714,1.24666086896,-1.844,1.894,0.8123,Gaia DR2  465620638678551424,40.65693442205,61.29148761062,465620638678551424,,17.9701,1.8582,0.8
NGC_1027,40.58210047807,61.30046283974,135.84337210249,1.23992176068,-1.657,1.972,0.9742,Gaia DR2  465620501239598464,40.58211533502,61.3004543488,465620501239598464,,17.3136,1.6955,0.9
NGC_1027,41.31032664214,61.28469736024,136.1676508788,1.37221346332,-2.339,1.599,0.7207,,41.31034760519,61.28469047589,465611151090743040,,17.6966,1.3882,0.1
NGC_1027,40.76140121445,61.24120670872,135.94640643161,1.22181468731,-1.498,2.158,0.8209,Gaia DR2  465616579929259904,40.76141462274,61.24119741676,465616579929259904,,17.0039,1.6931,0.9
NGC_1027,40.2913150439,60.97627312697,135.84907791863,0.88669800251,-1.224,1.556,0.9041,,40.29132591023,60.97626642738,465590844483435648,,12.7281,0.8874,0.2
NGC_1027,40.9330264765,61.27450017264,136.00749518662,1.28654079892,-1.956,2.176,0.7801,Gaia DR2  465622459744667008,40.93304399496,61.27449080529,465622459744667008,,17.4882,1.4228,0.6
NGC_1027,40.88395416087,60.97797366642,136.11011572484,1.00732273684,-1.424,2.308,0.8653,Gaia DR2  465599812376152448,40.88396679791,60.97796372742,465599812376152448,,16.1814,1.5207,0.7
NGC_1027,40.84226771175,61.2759236952,135.96727053,1.26958736205,-1.833,1.638,0.923,Gaia DR2  465622562823892224,40.84228413724,61.27591664423,465622562823892224,,16.1707,1.4951,1.0
NGC_1027,40.56685238297,61.11225710653,135.91461720259,1.06556141309,-1.838,2.112,0.728,Gaia DR2  465613869810235776,40.56686876073,61.11224801398,465613869810235776,,17.2973,1.6649,0.7
NGC_1027,41.27813548904,61.24207923917,136.17169978953,1.32705311913,-1.774,2.153,0.9469,Gaia DR2  465610433836225024,41.27815136178,61.24206997134,465610433836225024,,16.3648,1.3898,1.0
NGC_1027,41.20981314751,61.00643355252,136.24154308274,1.09958540187,-1.785,1.98,0.8581,Gaia DR2  465597755092954240,41.20982900597,61.00642502923,465597755092954240,,14.8095,1.2573,1.0
NGC_1027,41.11002927507,61.25860469141,136.09141179011,1.30786781186,-1.96,2.016,0.8629,Gaia DR2  465610085938776192,41.11004682552,61.25859600931,465610085938776192,,17.3988,1.6871,0.9
NGC_1027,40.82925506177,61.27158154796,135.96340010338,1.263030192,-1.552,2.149,0.8769,Gaia DR2  465622558523828096,40.82926896679,61.27157229466,465622558523828096,,14.8991,1.2778,1.0
NGC_1027,40.92241490146,61.09423845829,136.07836945548,1.12071105629,-1.856,2.039,0.9633,Gaia DR2  465602702895244800,40.92243143198,61.09422968126,465602702895244800,,15.7761,1.2946,1.0
NGC_1027,40.31310490428,61.07436090168,135.81846318144,0.98048295325,-1.083,1.578,0.8493,,40.31311454427,61.074354107,465593769362125056,,17.3896,1.8987,0.2
NGC_1027,41.048801703,61.21089631194,136.08476613923,1.25218947593,-1.704,1.943,0.7572,Gaia DR2  465609536182815360,41.04881693554,61.210887946,465609536182815360,,17.8325,1.8912,0.8
NGC_1027,40.63491609203,61.26634709008,135.88061511972,1.21939231129,-1.491,1.716,0.8786,,40.63492944212,61.26633970245,465619470447676672,,13.1054,0.7795,0.1
NGC_1027,40.89106616964,61.30798719064,135.97516292481,1.30851358743,-1.556,2.074,0.8822,Gaia DR2  465622734622550784,40.89108012196,61.30797826255,465622734622550784,,16.0096,1.4144,1.0
NGC_1027,40.67893643136,61.33281323503,135.87225230784,1.28863636838,-2.031,1.773,0.7794,Gaia DR2  465620844836944128,40.67895465587,61.33280560004,465620844836944128,,14.4833,1.0732,0.8
NGC_1027,41.25893597953,61.23554476316,136.16609734326,1.31722103009,-1.569,2.072,0.986,Gaia DR2  465610399476734080,41.25895001902,61.23553584303,465610399476734080,,17.2124,1.5834,0.6
NGC_1027,40.46749023004,61.10274843207,135.8748206688,1.03706566102,-1.212,1.754,1.0378,,40.46750102846,61.1027408814,465593563203826816,-46.16494654480198,11.2395,1.6944,0.1
NGC_1027,40.1751466165,61.63463226477,135.52865330602,1.46455578899,-1.832,2.074,0.9329,Gaia DR2  465687056054444416,40.175163217,61.6346233358,465687056054444416,,17.9638,1.7828,0.9
NGC_1027,40.21187700365,61.77726836065,135.48621600576,1.60184574053,-1.68,2.104,0.9525,Gaia DR2  465696986018702848,40.21189230313,61.77725930133,465696986018702848,,14.2111,1.0387,1.0
NGC_1027,40.54527046023,61.58580758184,135.70920829795,1.49239337507,-1.773,2.322,0.8925,Gaia DR2  465679325113312000,40.5452864993,61.58579758331,465679325113312000,,13.2183,0.8016,1.0
NGC_1027,39.90494232009,61.6395643582,135.40934189703,1.4168605533,-1.635,2.632,0.9434,Gaia DR2  465689255077949184,39.90495713527,61.63955302593,465689255077949184,,15.9396,1.4191,0.9
NGC_1027,40.18349951301,61.79466019899,135.46685398725,1.61223180391,-1.696,2.851,0.7186,,40.18351496743,61.79464792523,465697741932937856,,17.5641,1.7257,0.2
NGC_1027,40.20190577342,61.73559012745,135.49896150443,1.56188305417,-1.85,2.311,0.765,Gaia DR2  465696569401435136,40.20192259756,61.73558017572,465696569401435136,,17.581,1.6336,0.9
NGC_1027,40.57755171663,61.73713847756,135.66050578878,1.63649637958,-1.776,2.055,0.8357,Gaia DR2  465682692367536384,40.57756786265,61.73712963146,465682692367536384,-43.82553042174487,8.0739,1.9959,1.0
NGC_1027,40.71599913796,61.562285017,135.79294298811,1.50470320382,-1.659,2.109,0.9103,Gaia DR2  465677469687441152,40.71601413801,61.56227593618,465677469687441152,,12.7021,0.6426,1.0
NGC_1027,40.40907677478,61.37009388467,135.73900438729,1.26906800461,-1.879,2.21,0.8887,Gaia DR2  465668776673798912,40.40909366279,61.3700843677,465668776673798912,,15.4813,1.3856,1.0
NGC_1027,40.6010423389,61.73276110018,135.67244863027,1.63712080471,-1.751,2.024,0.7578,Gaia DR2  465682658007798912,40.60105825734,61.7327523863,465682658007798912,,16.9338,1.5189,1.0
NGC_1027,40.46057996156,61.74472964754,135.60691701999,1.62051887909,-1.566,1.64,0.842,,40.46059420577,61.74472258703,465694649546343936,,17.7321,1.5545,0.4
NGC_1027,40.59129663138,61.35039147457,135.82670501689,1.28719419672,-1.738,1.908,0.9099,Gaia DR2  465667952040076032,40.59131223685,61.35038325881,465667952040076032,,13.5428,0.8615,1.0
NGC_1027,40.49148358547,61.57146526983,135.69181834745,1.46875331783,-1.679,2.11,0.8603,Gaia DR2  465679256393853056,40.49149877047,61.57145618712,465679256393853056,,15.0396,1.1528,1.0
NGC_1027,40.28799001491,61.59287140382,135.59471542469,1.44841242313,-1.866,1.898,0.8901,Gaia DR2  465691625899670400,40.28800690393,61.59286323337,465691625899670400,,10.6918,0.5293,1.0
NGC_1027,40.4815604991,61.66632052204,135.64834677802,1.5532003651,-1.787,1.802,0.8954,Gaia DR2  465682005172835328,40.48157670784,61.66631276138,465682005172835328,,12.2015,0.6431,1.0
NGC_1027,40.70303787959,61.52599894707,135.802421454,1.4691358234,-1.761,1.988,0.911,Gaia DR2  465677259227761920,40.70305378606,61.52599038684,465677259227761920,,17.4325,1.6771,1.0
NGC_1027,40.36407812125,61.57568499697,135.63479973247,1.44760939947,-2.067,2.079,0.9107,Gaia DR2  465679840509416832,40.36409681916,61.57567604627,465679840509416832,,17.2839,1.8131,0.9
NGC_1027,40.03374742407,61.36938648067,135.57515637646,1.1948421247,-1.85,2.166,0.8915,Gaia DR2  465659259025148544,40.0337640472,61.36937715609,465659259025148544,,14.6242,1.2387,1.0
NGC_1027,40.47046993913,61.72221486823,135.62047783486,1.60194197411,-1.834,2.362,0.7608,Gaia DR2  465693996721479168,40.47048660382,61.72220470063,465693996721479168,,16.7761,1.5165,0.9
NGC_1027,40.69197306755,61.53204489133,135.79510821693,1.47244160389,-1.585,2.039,0.8832,Gaia DR2  465677263529039872,40.69198738627,61.53203611223,465677263529039872,,15.0201,1.2165,1.0
NGC_1027,40.56286723941,61.54713932013,135.73284344278,1.46065720153,-1.633,2.146,0.7817,Gaia DR2  465678947156221184,40.56288200115,61.54713008014,465678947156221184,,16.2159,1.4017,1.0
NGC_1027,40.47967797147,61.50953195819,135.71226788307,1.41002116928,-1.772,2.011,0.8447,Gaia DR2  465678466120088192,40.47969396656,61.50952330039,465678466120088192,,15.7073,1.4799,1.0
NGC_1027,40.48156169488,61.5656834398,135.68990212851,1.46153701101,-1.108,1.768,0.8655,,40.48157171778,61.56567582692,465679256393859712,,15.5715,1.2549,0.2
NGC_1027,40.95977958633,61.5316563292,135.91130727141,1.52538536807,-1.845,1.98,0.8237,Gaia DR2  465629675289596544,40.95979625264,61.53164780574,465629675289596544,,16.1695,1.5035,1.0
NGC_1027,40.67908731523,61.6855599496,135.7257114003,1.60952544803,-1.718,2.224,0.9219,Gaia DR2  465681558496196480,40.67910290923,61.68555037325,465681558496196480,,12.7506,0.582,1.0
NGC_1027,40.86297810756,61.53152335322,135.86944454566,1.50594545668,-1.596,2.256,0.8938,Gaia DR2  465629812728551040,40.86299251973,61.5315136393,465629812728551040,,14.2407,1.1222,1.0
NGC_1027,40.94756291926,61.51476005996,135.91310360727,1.50760365612,-1.76,2.072,0.8869,Gaia DR2  465629572210383104,40.94757880834,61.51475113865,465629572210383104,,14.234,1.0022,1.0
NGC_1027,40.22439894131,61.59471588853,135.56635419499,1.43770229334,-2.066,2.293,0.7398,Gaia DR2  465685990902583808,40.22441763814,61.59470601421,465685990902583808,,17.5747,1.8201,0.5
NGC_1027,40.34388702362,61.28504921497,135.7454726238,1.17868495181,-1.776,1.989,0.8499,Gaia DR2  465666435907822336,40.34390294338,61.28504065141,465666435907822336,,12.4765,0.7654,1.0
NGC_1027,40.76863854082,61.56215853505,135.81579457627,1.51502516681,-1.846,2.213,1.0281,Gaia DR2  465676679413679232,40.76865523052,61.56214900502,465676679413679232,,11.9527,0.5967,0.9
NGC_1027,39.95362843682,61.62176069918,135.43771326064,1.40995558246,-0.964,2.164,0.8962,,39.95363716876,61.62175138145,465690457668579200,,14.0661,0.9547,0.4
NGC_1027,39.92972544661,61.37353270711,135.52791232253,1.17840530727,-1.745,1.954,0.8229,Gaia DR2  465659460879611648,39.92974112852,61.37352429601,465659460879611648,,16.1135,1.5618,1.0
NGC_1027,40.50565967444,61.78437404924,135.60997705238,1.66543173255,-1.729,2.293,0.9057,Gaia DR2  465694821355155328,40.50567542427,61.78436417505,465694821355155328,,14.827,1.121,1.0
NGC_1027,40.29497009397,61.5745321931,135.60526987108,1.43304902407,-1.761,2.294,0.8757,Gaia DR2  465685750384425984,40.29498601912,61.57452231782,465685750384425984,,15.9416,1.4624,1.0
NGC_1027,40.61212953099,61.48932096484,135.77818927464,1.41776319356,-1.79,2.423,1.041,Gaia DR2  465675682981118848,40.61214568133,61.48931053228,465675682981118848,,17.2791,1.812,0.8
NGC_1027,41.0192924542,61.47345455618,135.96152706068,1.48447791143,-1.683,2.148,0.7296,Gaia DR2  465628541418238080,41.01930762909,61.47344530662,465628541418238080,,17.7234,1.7294,1.0
NGC_1027,40.91279722292,61.48641055231,135.90991656383,1.47491236313,-1.832,1.846,0.8528,Gaia DR2  465629434771436160,40.9128137495,61.48640260313,465629434771436160,,14.35,1.0384,1.0
NGC_1027,40.98131314669,61.47707960046,135.94353865057,1.48015245471,-1.674,2.185,0.9081,Gaia DR2  465628644497453568,40.98132823824,61.47707019347,465628644497453568,,15.9951,1.3415,1.0
NGC_1027,40.31533797918,61.72972475173,135.55038800836,1.57854240369,-1.823,1.875,0.8806,Gaia DR2  465693653124105088,40.31535455226,61.72971667798,465693653124105088,,14.7859,1.1328,1.0
NGC_1027,40.64158805826,61.65960355111,135.72030062795,1.57852386071,-1.621,1.976,0.9131,Gaia DR2  465681386697530624,40.64160276202,61.65959504202,465681386697530624,,15.9298,1.318,1.0
NGC_1027,40.66312250362,61.58751666002,135.75955149928,1.51719068589,-1.679,2.382,0.9567,Gaia DR2  465677744565327744,40.66313769709,61.58750640248,465677744565327744,,16.0002,1.4468,1.0
NGC_1027,40.47517875901,61.61300080474,135.6675993537,1.50338286028,-2.446,2.419,1.0381,,40.4752009144,61.61299038855,465680218466489856,,17.7603,2.0956,0.2
NGC_1027,40.43816380967,61.62145968528,135.6480747011,1.50383190549,-1.859,2.354,0.8831,Gaia DR2  465680317241661824,40.43818064533,61.62144955184,465680317241661824,,15.9075,1.318,1.0
NGC_1027,39.84367790095,61.32866020453,135.50833056167,1.12068008065,-1.691,1.688,0.8459,Gaia DR2  465658193873280512,39.84369307508,61.3286529376,465658193873280512,,14.0258,0.9249,0.8
NGC_1027,40.37583912349,61.62785651261,135.61843843404,1.49746558207,-1.79,2.129,0.9219,Gaia DR2  465692106935963520,40.375855339,61.62784734737,465692106935963520,,17.6896,1.682,1.0
NGC_1027,40.12597841085,61.66342365389,135.49557491588,1.48130818459,-1.913,2.222,0.8975,Gaia DR2  465690148430873472,40.12599575991,61.66341408504,465690148430873472,,14.3069,1.0215,1.0
NGC_1027,40.45086132318,61.65201484445,135.64097093525,1.53415641253,-1.862,2.216,0.8106,Gaia DR2  465680523400155008,40.45087820726,61.65200530321,465680523400155008,,17.406,1.6256,0.9
NGC_1027,40.60787558328,61.61066542175,135.72602622845,1.52735059456,-1.621,2.346,0.9029,Gaia DR2  465680665143074816,40.60789026663,61.61065532115,465680665143074816,,15.4481,1.3639,1.0
NGC_1027,40.71617841666,61.66275455089,135.75120903254,1.59610170953,-1.793,2.124,0.8343,Gaia DR2  465681283618304128,40.71619467938,61.66274540563,465681283618304128,,17.2678,1.5956,0.9
NGC_1027,40.56792183327,61.54965331364,135.73399534261,1.46394248013,-1.307,2.021,0.8774,Gaia DR2  465678947146339456,40.56793364997,61.54964461363,465678947146339456,,17.9124,1.6416,0.5
NGC_1027,40.60313985437,61.61119909111,135.72375511143,1.5269029983,-1.645,2.266,0.7701,Gaia DR2  465680871301505152,40.60315475068,61.61118933428,465680871301505152,,15.7322,1.2911,1.0
NGC_1027,40.66842030765,61.66822961537,135.72830857481,1.59165891416,-1.931,2.172,0.9432,Gaia DR2  465681524136473216,40.66843782828,61.66822026188,465681524136473216,,15.9533,1.2884,1.0
NGC_1027,40.26430368752,61.59954960363,135.58169668521,1.44988492544,-1.859,2.022,0.8288,Gaia DR2  465685952238289280,40.26432051366,61.59954089714,465685952238289280,,16.162,1.3954,1.0
NGC_1027,40.53390258465,61.61432417176,135.6924860914,1.51612078891,-1.842,2.082,0.8701,Gaia DR2  465680184106743936,40.53391927041,61.61431520643,465680184106743936,,15.195,1.1787,1.0
NGC_1027,40.34116561513,61.71390461791,135.56804809524,1.56914288672,-1.653,2.133,0.8321,Gaia DR2  465693446965684736,40.34118063194,61.71389543398,465693446965684736,,13.535,0.763,1.0
NGC_1027,40.29832298752,61.41695843553,135.67138468736,1.28999885621,-1.641,2.85,0.8522,,40.298337759,61.4169461632,465672109568407808,,17.1939,1.7022,0.4
NGC_1027,40.47072749856,61.62378639295,135.66121908527,1.51233418317,-1.849,2.163,0.8996,Gaia DR2  465680424624911360,40.47074425191,61.62377707798,465680424624911360,,14.6229,1.0543,1.0
NGC_1027,40.39461342689,61.61639037801,135.63129334512,1.49068633484,-1.73,2.449,0.902,Gaia DR2  465680355905450496,40.39462909886,61.61637983321,465680355905450496,,15.0644,1.1619,1.0
NGC_1027,40.56977397831,61.59315875999,135.7167821892,1.50391005934,-2.148,2.894,0.8599,Gaia DR2  465679359473038208,40.56979342087,61.59314630157,465679359473038208,,15.9112,1.3293,0.5
NGC_1027,41.05797784806,61.44203317231,135.991518335,1.46373940776,-1.822,2.279,0.8326,Gaia DR2  465625517761270144,41.05799425385,61.44202335844,465625517761270144,,16.7153,1.5303,1.0
NGC_1027,40.63502301435,61.58179554041,135.74975770002,1.50643548988,-1.918,2.195,0.9162,Gaia DR2  465680596423622016,40.63504036879,61.58178608888,465680596423622016,,14.853,1.1443,1.0
NGC_1027,40.62407233236,61.58356770538,135.74427887289,1.50588628586,-1.731,2.205,0.841,Gaia DR2  465680562063883392,40.62408799466,61.5835582135,465680562063883392,,15.4453,1.2328,1.0
NGC_1027,40.72783842114,61.60208420189,135.78150256686,1.54323798865,-1.053,2.313,0.9379,Gaia DR2  465678088162689280,40.72784795002,61.60207424321,465678088162689280,,15.3698,1.2465,0.5
NGC_1027,40.70742224029,61.57261070975,135.78493168764,1.5123947449,-1.672,2.304,0.8474,Gaia DR2  465677469687430016,40.70743736619,61.57260079164,465677469687430016,,16.1403,1.3628,1.0
NGC_1027,40.58732961209,61.38611471795,135.8101732526,1.31892124642,-1.706,2.244,0.8885,Gaia DR2  465668123838754304,40.58734494569,61.38610505789,465668123838754304,,14.9708,1.3301,1.0
NGC_1027,40.57303824153,61.66846152133,135.68700666132,1.57309798215,-1.66,2.272,0.89,Gaia DR2  465681902093899008,40.57305330383,61.66845173728,465681902093899008,,15.1938,1.1615,1.0
NGC_1027,40.55678412875,61.59845094739,135.70896406413,1.50617012587,-1.666,2.109,0.8716,Gaia DR2  465679359473034752,40.55679921121,61.59844186885,465679359473034752,,15.4313,1.2193,1.0
NGC_1027,40.36126711973,61.88498856643,135.50636551127,1.72901271762,-1.766,2.248,0.8297,Gaia DR2  465699215097697664,40.36128325483,61.88497888785,465699215097697664,,16.6894,1.4748,1.0
NGC_1027,40.46232068517,61.6099631604,135.6632824673,1.4980934806,-1.936,1.979,0.8034,Gaia DR2  465680115387279872,40.46233821676,61.60995463831,465680115387279872,,15.468,1.213,1.0
NGC_1027,40.28541639434,61.87191856224,135.47912191279,1.70241451686,-1.99,2.351,0.9682,Gaia DR2  465699833573409920,40.2854345679,61.87190844008,465699833573409920,,16.9492,1.5094,0.8
NGC_1027,40.50929787265,61.60387627365,135.6861492278,1.50177154177,-1.893,2.153,0.877,Gaia DR2  465680149747018112,40.50931500922,61.60386700253,465680149747018112,,13.9937,0.9331,1.0
NGC_1027,40.41278788406,61.61574490161,135.63943540245,1.49365507154,-1.951,2.218,0.8292,Gaia DR2  465680355905448960,40.41280555819,61.6157353539,465680355905448960,,16.6724,1.6448,0.9
NGC_1027,40.65188031009,61.66364721354,135.72306811216,1.58423054235,-1.653,2.139,0.9452,Gaia DR2  465681421057265536,40.65189530551,61.66363800346,465681421057265536,,15.3057,1.192,0.9
NGC_1027,40.45930273637,61.77688879564,135.59309515862,1.6495651818,-1.822,2.541,1.023,Gaia DR2  465695435526822656,40.45931932031,61.77687785453,465695435526822656,,17.2705,1.5995,0.7
NGC_1027,40.18675009174,61.63812867901,135.53225696886,1.46999947552,-1.724,2.342,0.9378,Gaia DR2  465687056054438528,40.18676571312,61.63811859517,465687056054438528,,16.1807,1.334,1.0
NGC_1027,40.40268029276,61.38274177902,135.73100284869,1.27933279541,-1.955,1.884,0.7651,Gaia DR2  465668776673793920,40.40269786525,61.3827336682,465668776673793920,,17.1597,1.7109,0.6
NGC_1027,40.42743594386,61.78111614363,135.57761720234,1.64720395808,-1.602,2.198,0.7691,Gaia DR2  465695474190193408,40.42745053289,61.78110668206,465695474190193408,,16.8397,1.5,0.9
NGC_1027,40.7148409087,61.43598132219,135.84499679084,1.38961602152,-1.566,1.957,0.9846,Gaia DR2  465674514750208384,40.71485500667,61.43597289768,465674514750208384,,15.8489,1.4518,0.8
NGC_1027,40.54166747719,61.69797439609,135.6612368323,1.59380703689,-1.611,2.311,0.9296,Gaia DR2  465682550628175872,40.54168210269,61.69796444679,465682550628175872,,17.9496,1.7652,1.0
NGC_1027,40.48811259907,61.69835474501,135.63794897797,1.58366047302,-2.264,2.759,1.0204,,40.48813316026,61.69834286568,465693889338477952,,14.6559,1.2091,0.3
NGC_1027,40.59993767856,61.35992493474,135.82652529455,1.29758715204,-1.796,2.029,0.8618,Gaia DR2  465667952040072064,40.59995381038,61.35991619883,465667952040072064,,12.8538,0.7981,1.0
NGC_1027,40.69136531069,61.56893330925,135.7795065351,1.50587199612,-1.807,1.505,0.8332,Gaia DR2  465677675845867648,40.69138165583,61.56892682812,465677675845867648,,17.5373,1.6591,0.6
NGC_1027,40.58575924007,61.53684754852,135.7470386948,1.45580555957,-1.82,2.105,0.9397,Gaia DR2  465675987914034304,40.58577568007,61.53683848482,465675987914034304,,17.7316,1.7383,1.0
NGC_1027,40.46904205669,61.76710841007,135.60132979098,1.64255642108,-1.526,2.681,0.9066,Gaia DR2  465694683916216192,40.46905594308,61.76709686627,465694683916216192,,11.9324,0.585,0.9
NGC_1027,40.52219096491,61.72866710546,135.64013385797,1.61793672987,-1.608,2.131,0.8532,Gaia DR2  465694305959115264,40.52220557804,61.72865793231,465694305959115264,,17.4478,1.596,0.9
NGC_1027,40.77403635095,61.5072015379,135.84104543564,1.4661404442,-1.819,2.246,0.8812,Gaia DR2  465676267096864000,40.7740527695,61.50719186802,465676267096864000,,15.1,1.2263,1.0
NGC_1027,40.07752489947,61.66602171089,135.47350766908,1.47430850951,-1.777,2.008,0.7803,Gaia DR2  465690212846399360,40.07754102352,61.66601306374,465690212846399360,,16.6905,1.477,1.0
NGC_1027,39.49240744828,61.34039656433,135.34926302921,1.06378087664,-2.052,2.292,0.784,Gaia DR2  465656231064169728,39.49242586849,61.34038669432,465656231064169728,,17.7232,1.5698,0.7
NGC_1027,40.3926180388,61.61567528597,135.63072295124,1.48964422135,-2.034,2.233,0.8549,Gaia DR2  465680351604917888,40.39263646442,61.61566566982,465680351604917888,,17.4082,1.6548,0.9
NGC_1027,40.68534283795,61.45903624526,135.82258212607,1.4047220777,-1.659,1.929,0.9021,Gaia DR2  465674583469654656,40.68535778967,61.45902793953,465674583469654656,,13.8286,0.9511,1.0
NGC_1027,40.3326939852,61.61333192417,135.60570905085,1.47579574232,-1.875,1.875,0.8466,Gaia DR2  465691763338601984,40.33271096695,61.61332385048,465691763338601984,,13.3578,0.7412,1.0
NGC_1027,40.429466169,61.35952819072,135.75226330867,1.26346464231,-1.661,1.557,0.8311,,40.42948108741,61.359521488,465668570515371008,,13.9844,1.2327,0.4
NGC_1027,40.68110788952,61.43056395881,135.83257479564,1.37798307203,-1.808,2.02,0.8725,Gaia DR2  465674205512534784,40.68112416579,61.43055526174,465674205512534784,,15.5546,1.3986,1.0
NGC_1027,40.65999876895,61.62784818507,135.74144584917,1.55326365276,-1.464,2.188,0.9113,Gaia DR2  465681180539128064,40.66001202943,61.62783876451,465681180539128064,,17.6778,1.6974,0.7
NGC_1027,40.61063139992,61.63130665064,135.71865901743,1.54667775875,-2.19,2.242,0.9142,Gaia DR2  465680974380700672,40.61065124689,61.6312969988,465680974380700672,,17.0677,1.5544,0.9
NGC_1027,40.4806555341,61.59159105781,135.6788119447,1.48495665673,-1.873,2.346,0.8267,Gaia DR2  465680046667820928,40.48067248843,61.5915809585,465680046667820928,,16.5445,1.4775,0.9
NGC_1027,40.78352776963,61.32771164071,135.92001453364,1.30488048454,-1.702,2.225,0.8139,Gaia DR2  465625895718475008,40.78354304315,61.32770206167,465625895718475008,,17.6328,1.7349,1.0
NGC_1027,40.13126811271,61.65466042706,135.50144412008,1.47433142375,-2.115,1.769,0.883,Gaia DR2  465690045351933056,40.13128729031,61.6546528103,465690045351933056,,12.9301,0.6162,0.9
NGC_1027,40.34359478698,61.66786653459,135.58802109129,1.52764345426,-1.506,1.199,0.7419,,40.34360845374,61.66786137397,465692484893052544,,13.9003,1.0414,0.1
NGC_1027,40.44652841853,61.59846473298,135.66118189841,1.48452119368,-1.805,1.888,0.8752,Gaia DR2  465680081027556608,40.44654475832,61.59845660441,465680081027556608,,11.36,0.4305,1.0
NGC_1027,40.58123206306,61.73781544946,135.6618121694,1.63783429523,-1.804,2.508,0.9591,Gaia DR2  465682692367535488,40.58124846437,61.73780465061,465682692367535488,,14.2615,1.0793,1.0
NGC_1027,40.6086255429,61.69851011708,135.68992252649,1.60744001602,-1.663,2.061,0.8882,Gaia DR2  465682310106654720,40.60864064376,61.69850124136,465682310106654720,,17.917,1.7563,0.7
NGC_1027,40.47297009056,61.65380871431,135.64979685295,1.54012086699,-1.937,2.149,0.918,Gaia DR2  465682005172847488,40.4729876565,61.65379946325,465682005172847488,,14.8966,1.1285,1.0
NGC_1027,40.61935347394,61.7174747369,135.68668517898,1.6268059288,-1.453,2.501,0.8407,Gaia DR2  465682451849376896,40.61936667909,61.7174639678,465682451849376896,,16.0794,1.3462,1.0
NGC_1027,40.28102571516,61.49264225818,135.6327981095,1.35563596185,-1.924,2.117,0.9242,Gaia DR2  465673312159204224,40.28104307323,61.49263314351,465673312159204224,,17.4502,1.5455,0.8
NGC_1027,40.61507504776,61.57111831551,135.74554481081,1.49278188841,-1.88,2.043,0.8836,Gaia DR2  465680562063898240,40.61509204745,61.57110951738,465680562063898240,,14.9605,1.2467,1.0
NGC_1027,40.49094265035,61.67890525756,135.64720555573,1.56650050399,-1.273,2.056,0.8312,Gaia DR2  465682035228745984,40.49095420299,61.67889640412,465682035228745984,,16.1482,1.5144,0.6
NGC_1027,41.04090898732,61.39075539733,136.00567904779,1.41378241143,-1.789,2.022,0.8952,Gaia DR2  465624723187631104,41.04092507366,61.39074669217,465624723187631104,,15.0421,1.2148,1.0
NGC_1027,40.50604404472,61.64698815627,135.66692315515,1.54039335112,-1.819,2.153,0.8773,Gaia DR2  465681936453373440,40.50606053893,61.64697888531,465681936453373440,,12.9831,0.6166,1.0
NGC_1027,39.87991851703,61.30068881275,135.53555190085,1.10212535193,-1.205,2.187,0.74,,39.87992931728,61.30067939633,465657364935486720,,17.6517,1.7325,0.2
NGC_1027,40.64422526234,61.6173765564,135.7389717244,1.54062482533,-1.608,2.032,0.9961,Gaia DR2  465680802582017792,40.6442398284,61.61736780615,465680802582017792,,12.8023,0.7508,0.9
NGC_1027,40.5014921284,61.4464456861,135.74781200117,1.35686360544,-1.766,2.112,0.9213,Gaia DR2  465669463868520192,40.50150803859,61.44643659061,465669463868520192,,14.9928,1.2915,1.0
NGC_1027,39.8337684589,61.34914717282,135.4957066615,1.13750281579,-1.6,1.642,0.8364,Gaia DR2  465659740061498496,39.83378282865,61.34914010276,465659740061498496,,16.1923,1.6225,0.5
NGC_1027,40.84896242456,61.49869379501,135.87709443798,1.47332674195,-1.757,2.828,0.882,,40.84897827886,61.49868162053,465629396112195072,,17.744,1.7899,0.4
NGC_1027,40.69210248163,61.60967145035,135.76288607907,1.54306977995,-1.323,1.598,0.8431,,40.69211445955,61.60966456926,465678156882164096,,12.6396,0.7334,0.2
NGC_1027,40.67513481422,61.62471582942,135.74929291919,1.55340179891,-1.45,2.481,0.7899,Gaia DR2  465681107515445248,40.67514795016,61.62470514535,465681107515445248,,17.4016,1.6309,0.9
NGC_1027,40.4873321364,61.60029682849,135.67811065813,1.49419709798,-1.492,2.094,0.8647,Gaia DR2  465680149747024640,40.48734564255,61.60028781273,465680149747024640,,16.0644,1.4401,0.8
NGC_1027,40.07089718834,61.64676467668,135.47847581239,1.45543874828,-1.783,1.563,0.8056,Gaia DR2  465689972328188032,40.07091335506,61.64675794802,465689972328188032,,17.8794,1.7777,0.5
NGC_1027,41.03789626655,61.47282994737,135.96985422995,1.48764520708,-1.678,1.842,0.7706,Gaia DR2  465628502758968448,41.03791139826,61.47282201527,465628502758968448,,16.4142,1.4022,1.0
NGC_1027,40.69113990875,61.56801761353,135.7797896437,1.50499454518,-2.223,2.303,0.9266,Gaia DR2  465677675845868544,40.69116001513,61.56800769864,465677675845868544,,15.5022,1.2788,0.8
NGC_1027,39.87106155241,61.21735528198,135.56535668076,1.02418565466,-1.758,1.68,0.8144,Gaia DR2  465644793575379456,39.87107727695,61.21734804858,465644793575379456,,15.0993,1.442,0.7
NGC_1027,40.1504969352,61.51631278726,135.56627151131,1.35175998481,-1.77,1.992,0.8711,Gaia DR2  465685234988413696,40.15051291725,61.51630421248,465685234988413696,,12.9984,0.6904,1.0
NGC_1027,40.85041205135,61.34116657347,135.94356162989,1.33049794404,-2.079,2.225,0.8912,Gaia DR2  465625758279504768,40.85043071626,61.34115699361,465625758279504768,,17.4664,1.9318,0.9
NGC_1027,40.28555844177,61.8796920433,135.47599359161,1.70953166316,-1.853,1.981,0.8047,Gaia DR2  465699837876933632,40.28557537182,61.87968351211,465699837876933632,,16.6716,1.4539,1.0
NGC_1027,39.47754209204,61.26927401942,135.37109359941,0.99571516032,-1.807,2.045,0.843,Gaia DR2  465655410734534144,39.47755827614,61.26926521419,465655410734534144,,16.0327,1.4693,1.0
NGC_1027,40.50278948175,61.75245366601,135.62193237427,1.63580162788,-1.206,2.409,1.0124,Gaia DR2  465694610893071872,40.50280045702,61.75244329261,465694610893071872,,17.9919,1.7618,0.5
NGC_1027,40.6428316625,61.61747056147,135.73832976465,1.5404354269,-1.551,2.436,0.7687,Gaia DR2  465680802572018176,40.64284571264,61.61746007402,465680802572018176,,15.1295,1.0682,1.0
NGC_1027,40.41781295013,61.44810284035,135.7106826439,1.34187714446,-1.752,2.234,0.9414,Gaia DR2  465672315726812928,40.41782873247,61.44809322285,465672315726812928,,17.2603,1.7098,0.8
NGC_1027,40.63933493562,61.60739647849,135.74099865205,1.53057981543,-1.682,2.026,0.9067,Gaia DR2  465680699502811776,40.63935016436,61.60738775497,465680699502811776,,11.118,0.5186,1.0
NGC_1027,40.52362416944,61.77418426462,135.62192865206,1.65966338171,-1.605,2.4,0.7836,Gaia DR2  465694748331683200,40.52363877802,61.77417392964,465694748331683200,,17.6307,1.718,0.9
NGC_1027,40.77108231523,61.63614852444,135.78600520506,1.58276814735,-1.71,2.254,0.9154,Gaia DR2  465678259961632384,40.77109781699,61.63613881904,465678259961632384,,14.2911,1.0773,1.0
NGC_1027,40.65049478595,61.61229073787,135.74379604034,1.53723487725,-1.973,1.917,0.8568,Gaia DR2  465680733862544000,40.65051265156,61.61228248596,465680733862544000,,12.8295,0.7563,1.0
NGC_1027,40.45413050162,61.606251491,135.66126491569,1.49310596279,-1.774,1.982,0.8894,Gaia DR2  465680115387284480,40.45414656302,61.60624295612,465680115387284480,,14.2691,1.0108,1.0
NGC_1027,40.25353911479,61.50455710189,135.61594655104,1.36112951734,-1.751,2.255,0.8886,Gaia DR2  465673380878675072,40.25355491287,61.50454739452,465673380878675072,,16.4828,1.6176,1.0
NGC_1027,40.35660116884,61.6819656529,135.58785268652,1.54303307162,-2.144,2.184,0.8334,Gaia DR2  465692583668388480,40.3566206284,61.68195624849,465692583668388480,,17.575,1.6651,0.7
NGC_1027,40.80748273575,61.62135339989,135.80790444835,1.57653401997,-1.448,2.05,0.8973,Gaia DR2  465677985083726080,40.80749585482,61.6213445736,465677985083726080,,17.4065,1.8517,0.7
NGC_1027,40.83348964334,61.48263248925,135.87709337098,1.4556488871,-1.732,2.0,1.002,Gaia DR2  465629293032958976,40.83350526347,61.48262387969,465629293032958976,,17.9056,1.776,0.8
NGC_1027,39.96362744112,61.5100722554,135.48737243191,1.30979405418,-2.028,1.941,0.7871,Gaia DR2  465684375994978304,39.96364574501,61.51006389985,465684375994978304,,17.5618,1.7174,0.7
NGC_1027,40.51912102015,61.69184027158,135.65403612169,1.58380155069,-1.866,2.077,0.9344,Gaia DR2  465682176971499520,40.51913796061,61.6918313284,465682176971499520,,11.3737,0.4161,1.0
NGC_1027,40.64113526682,61.56470405619,135.7595001002,1.49209200771,-1.916,2.372,0.939,Gaia DR2  465677602822099712,40.64115259596,61.56469384282,465677602822099712,,14.8926,1.2557,1.0
NGC_1027,40.07785306037,61.68193447596,135.46716809594,1.4889056674,-1.158,2.447,0.8831,Gaia DR2  465690388949030656,40.07786356725,61.68192393828,465690388949030656,,15.5165,1.2762,0.7
NGC_1027,40.50425141922,61.62933586107,135.67344221564,1.52396590689,-1.908,1.962,0.8413,Gaia DR2  465680252826209408,40.50426870715,61.6293274131,465680252826209408,,12.5018,0.5581,1.0
NGC_1027,40.4003497173,61.63975768253,135.62415676463,1.51310430447,-1.803,2.195,0.9163,Gaia DR2  465692141295687808,40.40036605803,61.6397482315,465692141295687808,,17.0626,1.518,1.0
NGC_1027,40.65812601048,61.69261945935,135.7137314877,1.61181797234,-1.547,2.078,0.8354,Gaia DR2  465681592845814400,40.6581400541,61.69261051102,465681592845814400,,15.9441,1.2795,1.0
NGC_1027,40.38540532172,61.71585518064,135.58636250301,1.57954022975,-1.795,2.256,0.8916,Gaia DR2  465694855715262976,40.38542163084,61.71584546669,465694855715262976,,14.0108,0.9401,1.0
NGC_1027,40.16628988124,61.31639896678,135.65481075846,1.17235196084,-1.893,2.183,0.9793,Gaia DR2  465646369819233152,40.16630686405,61.31638956931,465646369819233152,,17.8996,1.9186,0.8
NGC_1027,40.56904870994,61.60345725997,135.71220316416,1.51314180728,-1.737,2.033,0.865,Gaia DR2  465680836941778176,40.56906443638,61.60344850533,465680836941778176,,13.7699,1.088,1.0
NGC_1027,40.27329075484,61.45662798205,135.64419528484,1.32127249862,-1.626,1.788,0.9138,Gaia DR2  465672964256897152,40.27330540252,61.45662028427,465672964256897152,,17.6514,1.9847,0.5
NGC_1027,40.75414402504,61.58304821822,135.80081343609,1.53114079232,-1.609,2.334,0.8895,Gaia DR2  465677813285041408,40.75415858519,61.58303817116,465677813285041408,,15.3684,1.2108,1.0
NGC_1027,40.73253769399,61.58711883588,135.78976677792,1.53056078532,-1.769,2.404,0.9201,Gaia DR2  465677882004273664,40.73255370226,61.58710848659,465677882004273664,,12.8456,0.5762,1.0
NGC_1027,40.56705904577,61.6020066205,135.71194222544,1.51142958636,-2.355,1.479,0.7222,,40.56708036246,61.6020002528,465680832641257728,,17.3422,1.428,0.2
NGC_1027,40.49699691383,61.62410959229,135.67246089654,1.51778234555,-2.649,2.216,0.8116,,40.49702091514,61.6241000532,465680252826215168,,15.7648,1.281,0.2
NGC_1027,40.55744482945,61.42501087311,135.78104282305,1.34840625866,-1.733,2.009,0.9026,Gaia DR2  465669188990625024,40.55746042741,61.42500222506,465669188990625024,,14.7174,1.224,1.0
NGC_1027,40.77321594884,61.57695727228,135.81160662521,1.52938571215,-2.166,2.16,0.8779,Gaia DR2  465677813285042304,40.77323554501,61.57694797422,465677813285042304,,16.8419,1.6308,0.8
NGC_1027,40.19979294434,61.84498025819,135.45329962515,1.66130056075,-1.77,2.35,0.9041,Gaia DR2  465699356840609792,40.19980909391,61.84497013809,465699356840609792,,15.2218,1.1984,1.0
NGC_1027,40.51127401633,61.34493818073,135.79401993033,1.26635586003,-1.737,2.25,0.9289,Gaia DR2  465667775939703168,40.51128960829,61.34492849478,465667775939703168,,15.3431,1.3944,1.0
NGC_1027,40.70477268304,61.38107702577,135.86345423645,1.33768132161,-1.939,1.933,0.8628,Gaia DR2  465626995230377344,40.70479011267,61.3810687025,465626995230377344,,16.7144,1.6271,0.9
NGC_1027,40.79552657918,61.59933027094,135.81192724122,1.55414733473,-1.829,1.951,0.8849,Gaia DR2  465677950723990656,40.79554313948,61.59932186973,465677950723990656,,11.077,0.4255,1.0
NGC_1027,40.23978908106,61.73300725207,135.51639427002,1.56686724203,-1.895,1.929,0.8469,Gaia DR2  465696539342132480,40.23980630587,61.73299894627,465696539342132480,,16.5626,1.425,1.0
NGC_1027,40.87489570513,61.58295810365,135.85308987418,1.55504196787,-1.946,1.928,0.8775,Gaia DR2  465676954291578624,40.87491331056,61.58294980379,465676954291578624,,15.242,1.165,1.0
NGC_1027,40.1871674349,61.84344376916,135.44848881003,1.65746267894,-1.721,2.059,0.8949,Gaia DR2  465699562999041536,40.18718313738,61.84343490236,465699562999041536,,15.1381,1.1769,1.0
NGC_1027,40.20087401934,61.72643964067,135.50225863156,1.55333278092,-1.844,2.129,0.8416,Gaia DR2  465696573701882368,40.20089078293,61.72643047456,465696573701882368,,15.8482,1.2802,1.0
NGC_1027,40.76960465252,61.59265802474,135.80349807261,1.54294172064,-1.755,2.163,0.8243,Gaia DR2  465677847644777600,40.76962053132,61.59264871258,465677847644777600,,10.7228,0.4744,1.0
NGC_1027,40.41260143226,61.81351718091,135.55787291061,1.67383978021,-1.847,1.905,0.8469,Gaia DR2  465695714708344832,40.41261827253,61.81350898037,465695714708344832,,17.4307,1.5882,1.0
NGC_1027,40.49397673552,61.4995437153,135.72260777536,1.40374002087,-1.619,2.185,0.8709,Gaia DR2  465678397400455808,40.49399134708,61.49953430695,465678397400455808,,15.3484,1.2921,1.0
NGC_1027,40.77947226954,61.53442420743,135.83205141457,1.49196589662,-1.786,1.704,0.8905,Gaia DR2  465676576334468352,40.77948839909,61.53441686974,465676576334468352,,16.9479,1.5373,0.7
NGC_1027,40.93923331739,61.35397755934,135.97689224954,1.35995395256,-1.705,2.151,0.8925,Gaia DR2  465623250018590080,40.93924862658,61.35396829809,465623250018590080,,13.0388,0.7056,1.0
NGC_1027,40.4335120722,61.56130156843,135.67085938491,1.4481084862,-1.687,2.039,0.8918,Gaia DR2  465679599991252864,40.43352732012,61.56129279107,465679599991252864,,12.7476,0.5731,1.0
NGC_1027,40.63594210412,61.48557473283,135.79008991727,1.4190684006,-1.657,2.384,0.9465,Gaia DR2  465675614261642624,40.63595705316,61.48556447011,465675614261642624,,17.5924,1.783,0.8
NGC_1027,40.66216797305,61.66632914687,135.7263978552,1.5886977285,-1.115,1.963,0.9099,,40.66217809251,61.66632069407,465681421057261696,,13.0026,0.6588,0.3
NGC_1027,40.51057828562,61.72068104026,135.63842434719,1.6083911307,-1.919,2.137,0.7599,Gaia DR2  465694301655378688,40.51059572516,61.72067183906,465694301655378688,,17.7165,1.9179,0.8
NGC_1027,40.47095209009,61.50488727445,135.71039234994,1.40407260897,-1.615,1.546,0.9667,,40.47096666647,61.50488061821,465678461815126784,,17.9995,1.8967,0.4
NGC_1027,40.73338208832,61.53174566801,135.8131885719,1.48037963657,-1.818,1.967,0.8262,Gaia DR2  465676541974732032,40.73339851302,61.53173720103,465676541974732032,,15.8152,1.3556,1.0
NGC_1027,40.76842586369,61.52784148588,135.83000789043,1.48378752673,-1.787,2.237,0.9016,Gaia DR2  465676576334470144,40.76844200717,61.52783185417,465676576334470144,,13.8475,0.9004,1.0
NGC_1027,40.8374099768,61.50501900984,135.86944157066,1.47677103669,-1.829,2.228,0.8628,Gaia DR2  465629400411695488,40.83742648226,61.50500941639,465629400411695488,,13.043,0.6338,1.0
NGC_1027,40.57872130608,61.70377590692,135.67483221351,1.60635859506,-2.11,2.701,0.8351,Gaia DR2  465682520568867328,40.57874047411,61.70376427944,465682520568867328,,13.1122,0.7898,0.6
NGC_1027,40.67650045092,61.66091620517,135.7348377242,1.5865995718,-1.645,2.632,0.94,Gaia DR2  465681317978049536,40.67651536845,61.66090487201,465681317978049536,,14.3601,1.0317,1.0
NGC_1027,39.76188750592,61.52931538837,135.39157741016,1.28851120733,-2.286,1.49,0.8752,,39.76190815563,61.5293089738,465664825302740864,,13.3422,0.944,0.3
NGC_1027,40.77854364062,61.36784666883,135.90110654746,1.34036583934,-1.774,2.07,0.9449,Gaia DR2  465626101876878976,40.77855957675,61.36783775476,465626101876878976,,16.8446,1.5603,0.9
NGC_1027,40.70190216556,61.51889346511,135.80488426445,1.46244854768,-1.789,2.139,0.8897,Gaia DR2  465676507614996992,40.70191832159,61.51888425696,465676507614996992,,14.1998,1.0237,1.0
NGC_1027,40.72900529002,61.64115628613,135.76573998656,1.57899635588,-1.373,2.055,0.9258,Gaia DR2  465678294321083904,40.72901773235,61.64114743915,465678294321083904,,13.9338,0.9397,0.7
NGC_1027,40.54469007963,61.77625578755,135.63014645761,1.66566937279,-1.488,2.649,0.8648,Gaia DR2  465694546477250432,40.54470362923,61.77624438277,465694546477250432,,17.0655,1.5573,0.8
NGC_1027,40.73819147507,61.5552962866,135.8054662394,1.50274678188,-1.678,2.025,0.9197,Gaia DR2  465677400968186880,40.73820664028,61.55528756846,465677400968186880,,15.8161,1.2935,1.0
NGC_1027,40.59145259218,61.60464705011,135.72141148789,1.5186371415,-1.829,1.168,0.8492,Gaia DR2  465680866997342208,40.59146915442,61.60464202257,465680866997342208,,13.0131,0.71,0.6
NGC_1027,40.86052651093,61.48180244372,135.88917178466,1.46028767037,-1.724,2.096,0.8828,Gaia DR2  465629293030637952,40.86054206034,61.48179341734,465629293030637952,,12.7223,0.6238,1.0
NGC_1027,40.78196902696,61.54316754724,135.82948710463,1.5004092706,-1.82,2.058,0.868,Gaia DR2  465676610694205184,40.78198547524,61.54315868544,465676610694205184,,15.9449,1.3368,1.0
NGC_1027,39.76890320594,61.53697442053,135.39155268161,1.29686840395,-1.605,1.757,0.9104,,39.76891770587,61.53696685376,465665061517217792,,17.2789,1.6897,0.4
NGC_1027,40.6581024899,61.38050537488,135.84335285091,1.32787327099,-1.772,2.833,0.9233,Gaia DR2  465627029589816448,40.65811842131,61.38049317908,465627029589816448,,17.2651,1.9082,0.6
NGC_1027,40.94809490885,61.52240041203,135.9101302096,1.51464669481,-1.681,2.104,0.8088,Gaia DR2  465629675289597184,40.9481100912,61.52239135174,465629675289597184,,17.8351,1.7794,1.0
NGC_1027,40.85485802622,61.44023582414,135.9040882094,1.42139346868,-1.762,1.929,0.8983,Gaia DR2  465628880713778944,40.8548738962,61.44022751701,465628880713778944,,11.4687,0.5455,1.0
NGC_1027,40.69187335622,61.49865004695,135.80895029979,1.44204853632,-1.791,1.287,0.8931,Gaia DR2  465674995786510976,40.69188951756,61.49864450639,465674995786510976,,14.266,1.1428,0.7
NGC_1027,40.6701821024,61.65296859271,135.73541105255,1.57812408389,-1.65,2.193,0.8571,Gaia DR2  465681214898840832,40.67019706441,61.65295915086,465681214898840832,,16.6245,1.4079,1.0
NGC_1027,40.700098165,61.47528829089,135.82223701818,1.42243323708,-0.923,2.464,0.9424,Gaia DR2  465674927067036416,40.70010648574,61.47527768176,465674927067036416,,16.6103,1.6791,0.6
NGC_1027,40.67552460573,61.61949374166,135.7516318023,1.54872866759,-1.597,2.452,0.7556,Gaia DR2  465681107515509120,40.6755390699,61.61948318487,465681107515509120,,12.9271,0.6167,0.9
NGC_1027,40.82165910212,61.32842678984,135.9363477913,1.31316231667,-1.713,2.016,0.7145,Gaia DR2  465625788339384960,40.82167447224,61.32841810946,465625788339384960,,17.9828,1.9015,0.7
NGC_1027,40.56641419555,61.54967933054,135.73333054645,1.4636688543,-1.374,1.781,0.8171,,40.56642661391,61.54967166275,465678947156218496,,15.6066,1.4157,0.2
NGC_1027,40.3276180342,61.58482764657,135.61521697213,1.44881461794,-1.66,1.5,0.8746,Gaia DR2  465691557180196608,40.32763305743,61.58482118734,465691557180196608,,12.13,0.6201,0.7
NGC_1027,40.7092530644,61.51910427301,135.80798554633,1.46409797665,-1.939,1.937,0.903,Gaia DR2  465676507614996864,40.70927056876,61.5190959332,465676507614996864,,13.399,0.7763,1.0
NGC_1027,40.69899788971,61.6361540334,135.7548541598,1.56851782608,-1.881,1.705,0.8713,Gaia DR2  465681146179377536,40.69901494019,61.6361466942,465681146179377536,,9.5974,0.4605,1.0
NGC_1027,40.74866673501,61.63397168922,135.77722765621,1.57635254832,-1.637,1.44,0.874,Gaia DR2  465678225601611392,40.74868156706,61.63396549045,465678225601611392,,15.4982,1.2594,0.7
NGC_1027,40.71165104297,61.63978335517,135.75881269391,1.5743180942,-1.508,2.233,0.8924,Gaia DR2  465681146179371648,40.7116647117,61.63977373971,465681146179371648,,13.1898,0.63,1.0
NGC_1027,40.67507141299,61.64389749657,135.74129356928,1.57083725753,-1.923,2.258,0.8922,Gaia DR2  465681214898849280,40.67508884584,61.64388777279,465681214898849280,,15.5363,1.2187,1.0
NGC_1027,39.80256040114,61.23605909535,135.52763306397,1.02798253026,-1.494,1.883,0.8965,Gaia DR2  465656578965634560,39.80257377144,61.23605098605,465656578965634560,,16.4437,1.5429,0.6
NGC_1027,40.57939098182,61.65432481959,135.69560857408,1.56147893782,-1.677,2.03,0.9107,Gaia DR2  465681833374141824,40.57940618893,61.65431608123,465681833374141824,,14.9663,1.2342,1.0
NGC_1027,40.85003209187,61.38449967773,135.92528597221,1.36979141506,-1.634,2.118,0.8523,Gaia DR2  465626445474247168,40.8500467816,61.38449056023,465626445474247168,,15.2929,1.2462,1.0
NGC_1027,40.62688719291,61.56251477493,135.75423332429,1.48728526658,-1.878,2.474,0.8591,Gaia DR2  465677607126403840,40.62690417608,61.56250412251,465677607126403840,,15.9468,1.3464,0.8
NGC_1027,40.83191519193,61.38755478818,135.91612407812,1.36894326105,-1.536,1.812,0.9143,,40.83192900094,61.38754698755,465626514193723776,,16.7946,1.5312,0.3
NGC_1027,40.25241382231,61.37294746153,135.66937530072,1.24084556916,-1.583,2.216,0.8518,Gaia DR2  465670387276416128,40.252428044,61.37293792026,465670387276416128,,15.8553,1.5745,0.9
NGC_1027,40.12720223768,61.72334731733,135.47165481525,1.53625732219,-2.122,1.841,0.7959,Gaia DR2  465696333183724416,40.12722152301,61.72333938995,465696333183724416,,16.3802,1.5651,0.9
NGC_1027,40.67799830623,61.63061949582,135.74807742583,1.55933716139,-1.59,1.826,0.8399,Gaia DR2  465681111819646720,40.67801271285,61.63061163244,465681111819646720,,14.1638,0.9683,0.6
NGC_1027,40.66808280211,61.55239085491,135.77629342111,1.48621812466,-1.681,2.241,0.8372,Gaia DR2  465677534102301312,40.66809799355,61.55238120799,465677534102301312,,15.478,1.2546,1.0
NGC_1027,40.26990631067,61.84816476627,135.48219046029,1.67774988913,-1.568,2.221,0.8479,Gaia DR2  465699421256538368,40.26992061737,61.84815520325,465699421256538368,,17.736,1.7204,0.8
NGC_1027,40.45049654669,61.66036023612,135.63737059897,1.54168784465,-1.679,2.105,0.8939,Gaia DR2  465692278734616448,40.45051177812,61.66035117257,465692278734616448,,14.1987,0.9835,1.0
NGC_1027,40.69787353774,61.63416435591,135.75519573008,1.56648618571,-1.639,2.351,0.94,Gaia DR2  465681146179379584,40.69788839453,61.63415423412,465681146179379584,,14.857,1.1327,1.0
NGC_1027,40.29565169362,61.80613132906,135.51052511249,1.64439749892,-1.544,2.24,0.9634,Gaia DR2  465698360408211584,40.29566576646,61.8061216865,465698360408211584,,15.88,1.2882,0.9
NGC_1027,41.20643654261,61.38577066224,136.07968180535,1.44267895711,-1.793,2.033,0.8748,Gaia DR2  465624109012010368,41.20645266171,61.38576190818,465624109012010368,,14.5869,1.1792,1.0
NGC_1027,40.51838194346,61.69556069366,135.65217862729,1.58704449961,-1.842,2.078,0.8955,Gaia DR2  465682172667500160,40.51839867133,61.69555174525,465682172667500160,,12.4317,0.524,1.0
NGC_1027,40.68481384332,61.62748451729,135.75232744036,1.55783139877,-1.584,2.458,0.9474,Gaia DR2  465681111809626752,40.68482819917,61.62747393479,465681111809626752,,14.0671,,1.0
NGC_1027,39.86829412566,61.09171726612,135.61493107366,0.90873101762,-1.723,1.807,0.8051,Gaia DR2  465637440591467776,39.86830947013,61.09170948419,465637440591467776,,15.5705,1.3801,0.8
NGC_1027,40.52708699097,61.68423220735,135.66062366324,1.57843558928,-2.207,2.065,0.8581,Gaia DR2  465682103948024320,40.52710702161,61.68422331745,465682103948024320,,11.9206,0.4954,0.8
NGC_1027,40.43687599466,61.66145559931,135.6310262091,1.54002031896,-1.123,1.413,0.9372,,40.4368861816,61.66144951664,465692278734616960,,14.8397,1.123,0.2
NGC_1027,40.36777067014,61.55881475524,135.64334159108,1.43295406609,-2.038,2.114,0.8855,Gaia DR2  465679737430217856,40.36778909121,61.55880565504,465679737430217856,,13.8464,0.8872,1.0
NGC_1027,40.77660187626,61.43641017201,135.87167464259,1.4023019114,-1.62,1.984,0.8147,Gaia DR2  465627648065065472,40.77661646615,61.43640162896,465627648065065472,,16.7857,1.617,0.9
NGC_1027,40.8450906298,61.42992393815,135.90415363071,1.41007345895,-1.769,1.89,0.8692,Gaia DR2  465627407546896384,40.8451065588,61.42991579854,465627407546896384,,14.1586,1.0211,1.0
NGC_1027,40.49083230656,61.5386152345,135.70510376442,1.43870614902,-2.151,2.464,0.9628,Gaia DR2  465678809717284992,40.49085174272,61.53860462515,465678809717284992,,16.5298,1.5308,0.9
NGC_1027,40.63037878865,61.52007140461,135.77335867625,1.44935547457,-1.437,2.151,0.8558,Gaia DR2  465675820420046720,40.63039176753,61.52006214467,465675820420046720,,10.5334,0.6092,0.9
NGC_1027,40.26600925064,61.81271735392,135.49504628415,1.64466257508,-1.718,2.682,0.8367,Gaia DR2  465698463487913216,40.26602491112,61.81270580548,465698463487913216,,17.7035,1.7868,0.7
NGC_1027,40.47485163675,61.28913593404,135.80113984617,1.20831432647,-1.748,1.914,0.836,Gaia DR2  465665959175274880,40.47486730018,61.28912769157,465665959175274880,,14.9384,1.3247,1.0
NGC_1027,40.56697326799,61.36892256263,135.80841503524,1.29923442769,-1.998,2.071,0.9743,Gaia DR2  465668016457919872,40.56699121714,61.36891364762,465668016457919872,,17.6152,1.7934,0.9
NGC_1027,40.51787602063,61.54436281234,135.71446862799,1.44926373792,-1.802,2.176,0.8188,Gaia DR2  465678981515968512,40.51789230643,61.54435344303,465678981515968512,,17.2204,1.8248,0.9
NGC_1027,40.35990941424,61.67371103325,135.5926785344,1.53615337951,-1.778,2.122,0.9199,Gaia DR2  465692480589154432,40.35992555055,61.67370189499,465692480589154432,,17.6282,1.7014,0.9
NGC_1027,40.68415940387,61.62774360751,135.75193676094,1.5579378167,-1.967,1.83,0.9086,Gaia DR2  465681107515618176,40.68417722256,61.62773572747,465681107515618176,,12.5378,0.7703,1.0
NGC_1027,40.50066424978,61.62576754012,135.67336373072,1.52001210969,-1.327,2.433,0.9101,Gaia DR2  465680248522159104,40.50067627331,61.62575706265,465680248522159104,,13.0768,0.6814,0.9
NGC_1027,40.76984425079,61.62863183803,135.78860413665,1.57569020395,-2.105,1.982,0.9307,Gaia DR2  465678255657333376,40.76986332292,61.62862330267,465678255657333376,,13.6974,1.0718,0.7
NGC_1027,40.2009543852,61.74500842035,135.49469747386,1.57029368866,-1.589,2.167,0.7626,Gaia DR2  465696779860295936,40.20096883426,61.74499908894,465696779860295936,,17.9454,1.6591,0.9
NGC_1027,40.9269182107,61.40969021084,135.94818681995,1.40807018362,-1.369,1.77,0.906,,40.92693052393,61.40968259146,465627888583237760,,15.5695,1.2973,0.2
NGC_1027,40.42610631284,61.67939691342,135.61897177938,1.55426132939,-1.969,2.115,0.9377,Gaia DR2  465693820618808064,40.42612417842,61.67938780856,465693820618808064,,12.3588,0.554,0.9
NGC_1027,40.00700467181,61.570269298,135.48182874357,1.37319958991,-1.688,2.082,0.9697,Gaia DR2  465687880688238592,40.0070199413,61.57026033498,465687880688238592,,16.389,1.4542,1.0
NGC_1027,40.33690348757,61.55210468342,135.63269273876,1.42079452573,-1.748,2.125,0.8702,Gaia DR2  465673930634442240,40.33691928438,61.55209553408,465673930634442240,,15.015,1.1968,1.0
NGC_1027,40.70340380496,61.54973596483,135.79270653046,1.49079591673,-1.692,2.197,0.9353,Gaia DR2  465677297888760832,40.70341910018,61.54972650727,465677297888760832,,16.0413,1.5135,1.0
NGC_1027,40.50137181859,61.53635610521,135.71061308742,1.43872294346,-1.508,1.307,0.8847,,40.50138543911,61.53635047791,465678603558855808,,17.1006,1.622,0.1
NGC_1027,40.6062614551,61.56225348394,135.74540075635,1.48297501222,-1.681,1.54,0.8567,Gaia DR2  465679084595156352,40.60627665584,61.56224685382,465679084595156352,,13.2001,0.7204,0.8
NGC_1027,40.56349015514,61.6127505945,135.70594805349,1.52050747125,-1.952,2.178,0.8996,Gaia DR2  465680905661246976,40.56350783117,61.61274121594,465680905661246976,,12.3951,0.5951,1.0
NGC_1027,41.05325654151,61.40280797109,136.00597393778,1.42720332376,-1.756,2.161,0.916,Gaia DR2  465625105444425344,41.05327233868,61.40279866659,465625105444425344,,15.1092,1.1929,1.0
NGC_1027,40.33106012818,61.60126369454,135.60995856925,1.46447323159,-1.811,2.071,0.9177,Gaia DR2  465691660259396864,40.33107652019,61.60125477643,465691660259396864,,14.6278,1.1316,1.0
NGC_1027,40.5836364613,61.52418542272,135.75136348714,1.44386145918,-1.753,1.858,0.9077,Gaia DR2  465675992218741120,40.58365229512,61.52417742394,465675992218741120,,15.7615,1.4796,1.0
NGC_1027,40.79290782569,61.47790020216,135.8614549277,1.44326223143,-1.732,2.061,0.8376,Gaia DR2  465629228613014016,40.79292344689,61.47789132939,465629228613014016,,16.0366,1.358,1.0
NGC_1027,40.76911992949,61.56204093339,135.81605206063,1.51501379365,-2.121,2.031,0.8316,Gaia DR2  465676675109844864,40.76913910953,61.56203218917,465676675109844864,,13.3168,,0.7
NGC_1027,40.40191026115,61.59436082003,135.64352765069,1.47203790948,-1.846,2.411,0.8829,Gaia DR2  465679909228873088,40.40192696557,61.59435043944,465679909228873088,,16.6006,1.4421,1.0
NGC_1027,40.453811862,61.25979074297,135.80403320618,1.17741084399,-1.62,2.306,0.7137,Gaia DR2  465665753016853632,40.45382637076,61.25978081487,465665753016853632,,17.4298,1.7518,0.9
NGC_1027,40.45141439633,61.26306758545,135.80163140204,1.17992087823,-1.636,2.045,0.9113,Gaia DR2  465665753016852864,40.45142904789,61.26305878096,465665753016852864,,14.7082,1.2611,1.0
NGC_1027,40.30575518698,61.59950806384,135.59970135961,1.45793156619,-1.988,2.041,0.9283,Gaia DR2  465691660259401088,40.3057731806,61.59949927789,465691660259401088,,16.2825,1.42,1.0
NGC_1027,40.5711408875,61.4884233306,135.76074861062,1.40884094043,-1.665,2.71,0.7618,Gaia DR2  465675506877596416,40.57115590379,61.48841166161,465675506877596416,,16.426,1.5494,0.9
NGC_1027,40.87954397801,61.45373394839,135.90916537156,1.43858819563,-1.624,2.159,0.8121,Gaia DR2  465628919375371776,40.87955860834,61.45372465114,465628919375371776,,17.1575,1.6097,1.0
NGC_1027,40.7018540129,61.53980964516,135.79616360005,1.4814613673,-1.769,1.792,0.7841,Gaia DR2  465677297888769280,40.70186999137,61.53980192763,465677297888769280,,16.526,1.6299,0.7
NGC_1027,40.713386358,61.54329072272,135.79971471605,1.48691255518,-1.842,1.853,0.8862,Gaia DR2  465677293585136000,40.71340300451,61.54328274358,465677293585136000,,13.4636,0.7537,1.0
NGC_1027,40.66840745637,61.54658576411,135.77884604667,1.48100166311,-1.687,2.113,0.8836,Gaia DR2  465677327944874240,40.66842269952,61.546576667,465677327944874240,,11.8376,0.5459,1.0
NGC_1027,41.56200810569,61.26620913562,136.28500098456,1.40699370725,-1.463,1.971,0.8814,Gaia DR2  465701173606246400,41.56202120588,61.26620064907,465701173606246400,,12.0703,0.4685,0.7
NGC_1027,40.7002090809,61.41034875326,135.84929251091,1.36339444238,-1.651,2.061,0.8791,Gaia DR2  465627201388487296,40.70022393514,61.41033987743,465627201388487296,,15.8933,1.4242,1.0
NGC_1027,40.49922800747,61.50889316333,135.72102805764,1.4132896261,-1.838,2.131,0.8647,Gaia DR2  465678569199138176,40.49924459411,61.50888398803,465678569199138176,,17.7387,1.7411,1.0
NGC_1027,40.81414410871,61.45144614795,135.88171716292,1.42345242944,-1.762,2.324,0.9733,Gaia DR2  465629159893544960,40.81415998731,61.45143614299,465629159893544960,,17.4412,1.6795,0.9
NGC_1027,40.76561031685,61.5145804223,135.83431468973,1.47117316784,-1.82,2.078,0.8831,Gaia DR2  465676267096827904,40.76562674707,61.5145714741,465676267096827904,,13.305,0.7509,1.0
NGC_1027,41.26829692162,61.71578802427,135.96668708792,1.75416252912,-1.729,2.338,0.8468,Gaia DR2  465731478893630208,41.26831263184,61.71577795585,465731478893630208,,17.7572,1.7745,0.9
NGC_1027,41.17329664928,61.60480607771,135.97276608827,1.6345224284,-1.619,1.931,0.8226,Gaia DR2  465724817405538048,41.17331130604,61.60479776161,465724817405538048,,14.0605,0.9272,0.9
NGC_1027,41.41902472533,61.56727431466,136.09462620677,1.65010500402,-1.737,2.131,0.8936,Gaia DR2  465721003474582528,41.41904043208,61.56726514155,465721003474582528,,14.4421,1.0503,1.0
NGC_1027,41.09175729967,61.63224878031,135.92602998339,1.6430591805,-1.466,2.034,0.8237,Gaia DR2  465725710758727424,41.09177058881,61.63224002282,465725710758727424,,16.9248,1.7102,0.8
NGC_1027,41.38648505274,61.81708045261,135.97432324495,1.86960915015,-1.753,2.206,0.8689,Gaia DR2  465734438132133504,41.38650103804,61.81707095252,465734438132133504,,14.9785,1.1741,1.0
NGC_1027,41.98031819807,61.87015358022,136.2047488219,2.03784701348,-2.594,2.323,0.9603,,41.98034188599,61.87014357719,465743680902875008,,16.5048,1.5653,0.2
NGC_1027,41.16535561323,61.63707980717,135.95571027304,1.66218430731,-1.865,2.17,0.885,Gaia DR2  465725023563950848,41.16537251921,61.63707046509,465725023563950848,,13.8089,0.8347,1.0
NGC_1027,41.38977434892,61.81723791047,135.97566299757,1.87041233264,-1.645,2.102,0.8088,Gaia DR2  465734438132132864,41.38978934989,61.81722885984,465734438132132864,,13.2471,0.7527,1.0
NGC_1027,41.06999612822,61.59269082987,135.93330354118,1.60282227753,-1.677,2.204,0.7887,Gaia DR2  465724027131571584,41.07001130816,61.59268134165,465724027131571584,,15.864,1.2864,1.0
NGC_1027,41.2672864417,61.36978501583,136.11286736954,1.44052851218,-1.742,1.902,0.8871,Gaia DR2  465706121408521600,41.26730209817,61.36977682648,465706121408521600,,17.5217,1.6408,0.9
NGC_1027,40.99075164618,61.58965844313,135.90035626964,1.58422382875,-1.68,2.224,0.947,Gaia DR2  465723889692626688,40.99076684619,61.58964886684,465723889692626688,,13.8129,0.8314,1.0
NGC_1027,41.43595429437,61.3657974942,136.1877571496,1.47124368153,-2.274,2.219,0.8275,,41.43597472367,61.36578793917,465705404153475712,,17.2296,1.6009,0.4
NGC_1027,41.25249069335,61.58900353271,136.01360172446,1.63613042611,-1.744,2.213,0.8972,Gaia DR2  465721725029358976,41.25250647112,61.58899400283,465721725029358976,,15.2233,1.1775,1.0
NGC_1027,41.56286870743,61.4940636431,136.18791331825,1.6131450782,-1.841,2.01,0.9261,Gaia DR2  465707976834708992,41.56288531338,61.49405498706,465707976834708992,,17.7864,1.8731,1.0
NGC_1027,41.94713589161,61.55642580882,136.32652639796,1.74826316382,-1.511,2.245,0.87,Gaia DR2  465711863784356224,41.94714954738,61.55641614139,465711863784356224,,14.8077,1.1793,0.9
NGC_1027,41.50473791069,61.94785090831,135.96901918537,2.0116608128,-1.18,1.729,0.7772,,41.50474871381,61.94784346216,465758936626486912,,16.3908,1.5235,0.2
NGC_1027,41.79399843369,61.4376336445,136.31190225034,1.60956116119,-1.436,1.868,0.9017,,41.79401136728,61.4376256032,465709561682024448,,16.286,1.5187,0.2
NGC_1027,41.26047067419,61.4365073411,136.08164490093,1.49959043368,-1.12,1.735,0.7482,,41.26048076358,61.43649987117,465718185976128512,,16.4605,1.3383,0.1
NGC_1027,41.21480544411,61.42636036284,136.06614709641,1.4811561905,-1.544,2.337,0.8767,Gaia DR2  465718254695612160,41.21481934678,61.42635030275,465718254695612160,,12.382,0.5711,0.9
NGC_1027,41.30813930884,61.59764269302,136.03392824301,1.65517396523,-1.717,1.969,0.8707,Gaia DR2  465722064327681920,41.30815484848,61.59763421645,465722064327681920,,15.2432,1.1974,1.0
NGC_1027,41.92867523114,61.65538282165,136.27576374056,1.83367525412,-1.589,2.032,0.8677,Gaia DR2  465713513051918976,41.9286896431,61.65537407292,465713513051918976,,17.0874,1.5728,0.9
NGC_1027,41.61969131311,61.98876123468,136.00037456652,2.07174640303,-1.684,1.627,0.9155,Gaia DR2  465759383303063808,41.61970675497,61.98875422993,465759383303063808,,15.7632,1.3746,0.6
NGC_1027,41.1345660733,61.56939789699,135.97100118339,1.59464449077,-1.686,2.046,0.8496,Gaia DR2  465723099410057216,41.13458131703,61.56938908967,465723099410057216,,16.9052,1.4869,0.9
NGC_1027,41.42461657583,61.42768102691,136.15648659017,1.5249265798,-1.932,2.242,0.9262,Gaia DR2  465706572384552704,41.42463396843,61.42767137338,465706572384552704,,14.7768,1.1517,1.0
NGC_1027,41.09948862793,61.46856345027,135.99834466181,1.49615456501,-1.321,1.942,0.8403,Gaia DR2  465719319847489536,41.09950053377,61.46855508965,465719319847489536,,12.6182,0.7927,0.6
NGC_1027,41.27340122764,61.43027789733,136.08988731905,1.49656618485,-1.625,2.296,0.8553,Gaia DR2  465718117256653056,41.27341585539,61.43026801085,465718117256653056,,13.3582,0.7369,1.0
NGC_1027,41.89704540939,61.91818149193,136.14856013853,2.06416324174,-1.798,1.887,0.8007,Gaia DR2  465755741171022720,41.89706185316,61.91817336665,465755741171022720,,17.2211,1.6343,0.5
NGC_1027,41.99136258984,61.63532053794,136.31130547927,1.82848490675,-1.533,1.307,0.946,,41.99137647943,61.6353149119,465736705876098304,,15.4797,1.2839,0.2
NGC_1027,40.99926890943,61.59102959208,135.90345962779,1.58716959843,-1.684,2.537,0.872,Gaia DR2  465723889684034688,40.99928415172,61.59101866986,465723889684034688,,16.5509,1.5432,1.0
NGC_1027,42.01006410898,61.63858479291,136.31789904019,1.83527867117,-1.644,1.979,0.9021,Gaia DR2  465736671516358272,42.01007900858,61.63857627226,465736671516358272,,12.495,0.5708,1.0
NGC_1027,41.37453384045,61.71590385336,136.01224220799,1.77562896247,-1.431,2.196,0.9241,,41.37454684697,61.71589439752,465731375814421760,,17.233,1.6459,0.4
NGC_1027,41.48868328229,61.75606675255,136.04406140592,1.83498728076,-1.635,2.069,1.0383,Gaia DR2  465730379382147328,41.48869816053,61.75605784556,465730379382147328,,17.1526,1.618,0.7
NGC_1027,41.27894516605,61.4787450755,136.07174620707,1.54159081147,-1.686,2.191,0.9007,Gaia DR2  465718907530610816,41.27896036484,61.47873564265,465718907530610816,,16.7449,1.4662,1.0
NGC_1027,41.05256052899,61.5136715241,135.95902580349,1.52764323842,-1.834,2.018,0.8507,Gaia DR2  465722652742090752,41.05257708581,61.5136628354,465722652742090752,,14.691,1.0728,1.0
NGC_1027,41.02974240428,61.56742484085,135.92654663714,1.57184200682,-1.717,2.041,0.8259,Gaia DR2  465723614814967936,41.02975793094,61.56741605272,465723614814967936,,15.8616,1.258,1.0
NGC_1027,41.17134439045,61.6156750176,135.96733270275,1.64398276424,-1.704,2.234,0.7903,Gaia DR2  465724847466531968,41.17135981933,61.61566539731,465724847466531968,,17.7401,1.6959,0.9
NGC_1027,41.13923573196,61.69837970599,135.91858640743,1.7125266735,-1.652,1.941,1.0017,Gaia DR2  465726462371764608,41.13925073291,61.69837134908,465726462371764608,,17.9071,1.7927,0.5
NGC_1027,41.57414598687,61.87282482376,136.0306665663,1.95779879349,-1.285,2.159,1.0269,,41.57415772612,61.87281552598,465757596596717696,,17.7609,1.766,0.4
NGC_1027,41.34565894171,61.3961471604,136.13568933622,1.48032128437,-1.719,2.048,0.9081,Gaia DR2  465706469305358080,41.34567440063,61.39613834328,465706469305358080,,15.2047,1.1645,1.0
NGC_1027,41.20695123875,61.54694823013,136.0117467999,1.58885123783,-1.706,2.156,0.8824,Gaia DR2  465720110121416704,41.20696665544,61.546938949,465720110121416704,,15.859,1.2715,1.0
NGC_1027,41.74111194448,61.6978640458,136.1771045607,1.83361450759,-1.938,2.137,0.9406,,41.74112954403,61.69785484299,465717670579849472,,17.9954,1.6025,0.2
NGC_1027,41.16715130529,61.4256976891,136.0457619525,1.47092559311,-1.749,2.085,0.8645,Gaia DR2  465718289055353088,41.1671670468,61.42568871147,465718289055353088,,16.0471,1.3199,1.0
NGC_1027,41.20511231063,61.70646576077,135.94349057142,1.73304419905,-2.221,1.663,0.8015,Gaia DR2  465726397953435776,41.2051324853,61.7064586016,465726397953435776,,17.5051,1.6193,0.5
NGC_1027,41.20596093999,61.76132084986,135.92065339842,1.78292602644,-1.694,1.708,0.7907,Gaia DR2  465732617066046848,41.20597635618,61.76131349566,465732617066046848,,17.789,1.8243,0.6
NGC_1027,40.99775794468,61.60130114115,135.89849246258,1.5961899983,-1.805,2.649,0.8941,Gaia DR2  465724267649741312,40.99777428771,61.60128973675,465724267649741312,,16.5513,1.4515,1.0
NGC_1027,41.07464045323,61.61238275266,135.9270161718,1.62161458386,-1.721,2.198,0.8693,Gaia DR2  465724198930251904,41.07465603688,61.61237328997,465724198930251904,,14.8738,1.1304,1.0
NGC_1027,41.81730478053,61.44090042277,136.32055292117,1.61731055337,-1.507,2.111,0.86,Gaia DR2  465709591742328576,41.81731835563,61.44089133431,465709591742328576,,16.9029,1.7264,0.9
NGC_1027,41.35881975336,61.48693695719,136.1028137162,1.56518781668,-1.545,2.14,0.9341,Gaia DR2  465720144481181568,41.35883368983,61.48692774304,465720144481181568,,16.8382,1.5269,0.7
NGC_1027,41.83307127716,61.54276168362,136.2834051847,1.71246072005,-1.698,2.045,1.0099,Gaia DR2  465712516619396352,41.83308661799,61.54275287742,465712516619396352,,17.5827,1.7253,0.7
NGC_1027,41.5876143749,61.67538479608,136.12095899945,1.78207428505,-2.132,2.543,0.774,,41.58763372098,61.67537384558,465727531824787712,,14.122,1.2525,0.4
NGC_1027,41.04656244198,61.55021316094,135.94105661699,1.55959332963,-1.705,2.081,0.914,Gaia DR2  465722824540758912,41.04657784994,61.55020420153,465722824540758912,,12.9862,0.8494,1.0
NGC_1027,41.21419549438,61.74226775973,135.93224695234,1.76730783012,-1.348,2.305,0.8793,Gaia DR2  465732513986840832,41.21420775771,61.74225783679,465732513986840832,,16.8431,1.6418,0.8
NGC_1027,41.14665169814,61.73213485452,135.90752614074,1.74461312924,-1.662,2.135,0.9098,Gaia DR2  465726672822595840,41.14666680988,61.73212566249,465726672822595840,,15.6194,1.2835,1.0
NGC_1027,41.02895844684,61.66633196215,135.88461921625,1.66143133876,-1.697,2.166,0.8753,Gaia DR2  465771443572391808,41.02897383868,61.66632263431,465771443572391808,,16.3636,1.3863,1.0
NGC_1027,40.86962392439,61.69169011862,135.80532852926,1.65276384104,-1.619,1.756,0.9313,Gaia DR2  465772440004803712,40.86963862021,61.69168255827,465772440004803712,,15.1964,1.1707,0.7
NGC_1027,40.81594465809,61.85653587832,135.71335129028,1.79192734586,-1.647,2.344,0.8408,Gaia DR2  465778624757458944,40.81595968982,61.85652578708,465778624757458944,,16.0612,1.3081,1.0
NGC_1027,40.89562317934,61.70375444344,135.81148088956,1.66887841271,-1.694,1.876,0.9042,Gaia DR2  465772474364538752,40.89563856265,61.70374636774,465772474364538752,,13.6854,0.7814,1.0
NGC_1027,40.88676864083,61.71251778833,135.80399913718,1.67508161761,-1.812,1.946,0.8688,Gaia DR2  465772783602183040,40.88678510165,61.71250941039,465772783602183040,,15.245,1.1803,1.0
NGC_1027,40.86124824624,61.63679021152,135.82467725792,1.60123004426,-1.608,2.216,0.9628,Gaia DR2  465771095671761536,40.86126281722,61.63678066857,465771095671761536,,17.3315,1.5812,0.9
NGC_1027,40.67498737154,62.05813831765,135.56906360228,1.94761353231,-2.214,2.716,1.037,,40.6750077194,62.05812662256,465801577062572544,,16.3702,1.4674,0.3
NGC_1027,41.26058974298,62.01669790677,135.83585884041,2.02520233668,-1.761,2.917,1.0267,,41.26060590145,62.01668534794,465783847437792768,,16.4557,1.4815,0.2
NGC_1027,41.06750144803,61.72442914233,135.87676092039,1.7218265173,-1.746,2.204,0.9796,Gaia DR2  465773161559294080,41.06751731785,61.72441965405,465773161559294080,,16.8464,1.5426,1.0
NGC_1027,40.88327986952,61.67167905588,135.81958782246,1.6372962365,-1.738,2.12,0.9185,Gaia DR2  465772366982135040,40.88329563992,61.67166992696,465772366982135040,,16.0044,1.2896,1.0
NGC_1027,40.8299596469,61.96954068567,135.67214166619,1.89736525361,-1.213,2.175,0.8426,Gaia DR2  465797174711250816,40.82997076193,61.96953131916,465797174711250816,,16.4346,1.41,0.8
NGC_1027,40.8893101675,61.62493167152,135.84175483671,1.59603447184,-1.89,1.867,0.9287,Gaia DR2  465771134334760960,40.88932728764,61.62492363497,465771134334760960,,15.6742,1.2388,1.0
NGC_1027,40.83546682115,61.81620345996,135.73857721147,1.75912687512,-1.798,2.38,0.8834,Gaia DR2  465777697044547328,40.83548321283,61.81619321287,465777697044547328,,16.3943,1.4048,1.0
NGC_1027,40.90523608304,61.63593785457,135.84402230505,1.60919740573,-1.751,1.867,0.8619,Gaia DR2  465771168694496768,40.90525195295,61.63592981663,465771168694496768,,16.8983,1.4934,1.0
NGC_1027,40.84676530844,61.64727971386,135.81403982647,1.60788476242,-1.694,2.141,0.8887,Gaia DR2  465771958968478720,40.84678066846,61.64727049402,465771958968478720,,14.6516,1.0506,1.0
NGC_1027,40.85765345862,61.6554068844,135.81534108787,1.61742880343,-1.923,1.971,0.8998,Gaia DR2  465771958968475904,40.85767089379,61.6553983991,465771958968475904,,15.6553,1.2404,1.0
NGC_1027,41.00426381622,61.64458067291,135.88311814108,1.63676704883,-1.57,2.026,0.8837,Gaia DR2  465771409212659840,41.00427804978,61.6445719503,465771409212659840,,15.9728,1.3086,0.9
NGC_1027,40.90876459482,61.66053177498,135.83524444307,1.63223388633,-1.595,2.016,1.0316,,40.90877906118,61.66052309502,465771615371089280,,17.07,1.5127,0.4
NGC_1027,40.80113966781,61.67525146271,135.78266921302,1.62425984362,-1.824,2.253,0.9038,Gaia DR2  465772302565856512,40.80115622091,61.67524176297,465772302565856512,,15.3357,1.1643,1.0
NGC_1027,40.80615755562,61.68196526551,135.78203124756,1.63135460181,-1.44,1.533,0.8858,,40.80617062206,61.6819586649,465772302565854848,,16.6527,1.4199,0.2
NGC_1027,41.16559433545,62.22477550027,135.70751283499,2.19496426689,-1.704,1.944,0.9601,Gaia DR2  465824357570342272,41.16561007878,62.22476712993,465824357570342272,,17.0834,1.638,0.8
NGC_1027,41.01082818699,61.6624934094,135.87842088883,1.65433219731,-1.866,2.111,0.8435,Gaia DR2  465771443572394112,41.0108451128,61.66248432018,465771443572394112,,13.5403,0.7396,1.0
NGC_1027,40.68003079754,61.80163398487,135.67786535855,1.71528964211,-1.803,2.016,0.8264,Gaia DR2  465777108623670784,40.68004722332,61.80162530493,465777108623670784,,17.2782,1.6096,0.9
NGC_1027,40.4443116236,62.01310340202,135.48919402015,1.86184309571,-1.784,2.221,0.8887,Gaia DR2  465796079504479232,40.4443279964,62.01309383777,465796079504479232,,15.408,1.2607,1.0
NGC_1027,40.59746586779,61.99213418921,135.56336644573,1.87247053506,-1.433,1.67,0.8018,,40.59747901095,61.99212699911,465795083072067200,,13.4917,0.725,0.1
NGC_1027,40.700522129,61.74556898761,135.70999914966,1.66832658402,-1.837,2.075,0.7192,Gaia DR2  465776357014791936,40.70053883621,61.74556005252,465776357014791936,,16.7802,1.4497,1.0
NGC_1027,40.71989231364,61.71095427657,135.73275000138,1.64066461205,-1.742,2.069,0.9347,Gaia DR2  465775429301863808,40.71990814111,61.71094536991,465775429301863808,,15.6736,1.2328,1.0
NGC_1027,40.76559005994,61.99379336858,135.63452201941,1.90679089732,-2.196,1.771,0.9302,,40.76561019684,61.99378574153,465792329988201344,,16.6838,1.493,0.3
NGC_1027,41.04598781397,61.83160805248,135.82241259996,1.81477754196,-1.692,2.107,0.8879,Gaia DR2  465775016985129472,41.04600324606,61.83159898144,465775016985129472,,12.7667,0.5625,1.0
NGC_1027,40.39231679678,61.87460860819,135.52398235738,1.72557199571,-1.49,2.305,0.7975,Gaia DR2  465792776664493056,40.3923304064,61.87459868569,465792776664493056,,17.6015,1.839,0.9
NGC_1027,40.58824139959,61.77261496899,135.65041176266,1.67088196882,-1.678,2.429,0.7687,Gaia DR2  465788314203740544,40.58825667316,61.7726045129,465788314203740544,,17.0283,1.5254,1.0
NGC_1027,40.64976352682,61.89493355176,135.62609902183,1.79422946897,-1.677,1.655,0.8361,Gaia DR2  465790852518896384,40.6497788525,61.89492642736,465790852518896384,,13.1764,0.7104,0.8
NGC_1027,40.91314271819,61.80291578868,135.777483918,1.76240360938,-2.289,2.529,0.894,Gaia DR2  465777490886311040,40.91316357482,61.80290490006,465777490886311040,,12.7537,0.5804,0.7
NGC_1027,40.7214497291,62.15567967606,135.54825456606,2.04535956053,-1.909,2.247,0.8524,Gaia DR2  465802539135190400,40.72146732892,62.15567000031,465802539135190400,,14.8864,1.1718,1.0
NGC_1027,41.06881877497,61.83918283955,135.82900491292,1.8261833524,-1.136,1.603,0.8452,,41.06882914145,61.83917593839,465780892500384896,,17.4638,1.5671,0.1
NGC_1027,40.81211978951,61.62787027932,135.80718736512,1.58337597742,-1.881,2.193,0.9273,Gaia DR2  465771821529529728,40.81213683621,61.62786083853,465771821529529728,,13.741,0.8244,1.0
NGC_1027,40.74179376069,61.68192786832,135.75428242962,1.61859431639,-1.394,1.983,0.9747,,40.74180641203,61.6819193283,465775120064223232,,15.994,1.3115,0.4
NGC_1027,40.78013879206,61.66626002942,135.77735925337,1.61193150477,-1.694,2.025,0.8625,Gaia DR2  465772199486462464,40.78015416403,61.66625130879,465772199486462464,,13.6883,0.8364,1.0
NGC_1027,40.89014135768,61.80916299408,135.76499367637,1.76352813415,-1.518,2.215,0.8401,Gaia DR2  465777525246048896,40.89015519311,61.80915345713,465777525246048896,,17.9367,1.7681,0.8
NGC_1027,40.7222474268,61.6960039269,135.73998886482,1.6275344641,-1.805,2.121,0.8903,Gaia DR2  465775394942128640,40.72226382067,61.69599479462,465775394942128640,,13.6479,0.8111,1.0
NGC_1027,40.76706604255,61.6900788565,135.76178743785,1.63099755573,-1.711,2.219,0.8882,Gaia DR2  465775154423959936,40.76708157351,61.69006930336,465775154423959936,,14.8598,1.1038,1.0
NGC_1027,40.70900140272,61.69960278065,135.73277779877,1.62819441797,-1.785,1.879,0.7567,Gaia DR2  465775394942128256,40.7090176122,61.69959469012,465775394942128256,,17.1431,1.5268,0.8
NGC_1027,40.75261012094,61.70213455752,135.75052908612,1.6391014643,-1.653,2.089,0.9293,Gaia DR2  465775223143434624,40.75262513823,61.70212556151,465775223143434624,,9.7454,0.4112,1.0
NGC_1027,40.40171088081,61.94770312152,135.49791076869,1.79400652744,-2.256,2.024,0.7874,Gaia DR2  465793983560482048,40.40173153095,61.94769440769,465793983560482048,,15.1524,1.3087,0.5
NGC_1027,40.76430761089,61.69605780437,135.75810541883,1.63588759884,-1.615,2.068,0.8669,Gaia DR2  465775257503173888,40.76432227314,61.69604890238,465775257503173888,,16.5734,1.4105,1.0
NGC_1027,40.79234756315,61.6923967928,135.77172263663,1.63810268633,-1.757,2.0,0.8176,Gaia DR2  465775257503173760,40.79236351762,61.6923881828,465775257503173760,,17.018,1.7299,0.9
NGC_1027,40.67198497981,61.71524726178,135.71030843196,1.6351303797,-1.655,2.094,0.9617,Gaia DR2  465776219575846656,40.67200001873,61.7152382477,465776219575846656,,16.8385,1.4792,1.0
NGC_1027,41.09723620116,61.80133589921,135.85712820491,1.79750664578,-2.464,1.969,0.7907,,41.09725865647,61.80132742242,465773986192989056,,16.6601,1.5298,0.3
NGC_1027,40.75497458923,61.74412012281,135.73405148683,1.67773769751,-1.648,2.162,0.856,Gaia DR2  465776013417406848,40.75498957429,61.74411081632,465776013417406848,,14.9471,1.1597,1.0
NGC_1027,41.1074248605,61.91187775829,135.81488545687,1.89978081565,-2.506,1.734,0.7822,,41.10744778122,61.91187029268,465781545335377664,,15.9735,1.4814,0.3
NGC_1027,40.79690578874,61.97678958383,135.65499272977,1.8974692376,-1.723,2.254,0.9384,Gaia DR2  465791509659269504,40.79692157763,61.97677987872,465791509659269504,,16.0749,1.3443,1.0
NGC_1027,40.5096010697,61.95572148204,135.54083953907,1.8222368012,-1.808,2.125,0.8875,Gaia DR2  465793498219208704,40.50961763008,61.9557123316,465793498219208704,,17.2632,1.5797,0.9
NGC_1027,40.59974280549,61.81151406979,135.63923646855,1.70853719273,-1.767,2.112,0.8895,Gaia DR2  465788520362154624,40.59975891126,61.81150497731,465788520362154624,,14.698,1.0965,1.0
NGC_1027,41.00906144276,61.75605354632,135.83834158434,1.73888548285,-1.936,2.181,0.9328,Gaia DR2  465774192351438080,41.00907906138,61.75604415662,465774192351438080,,16.1399,1.3441,1.0
NGC_1027,40.48335298774,62.00166795725,135.51061548365,1.85898716804,-1.828,2.144,0.8013,Gaia DR2  465796006480220672,40.48336975244,62.00165872706,465796006480220672,,17.4694,1.6956,0.9
NGC_1027,41.389306998,61.9638544118,135.91306916325,2.0030129944,-1.674,1.959,0.8817,Gaia DR2  465782713566439936,41.38932232941,61.96384597909,465782713566439936,,16.7551,1.5092,0.9
NGC_1027,40.98186972999,61.76247392423,135.82396179915,1.7393100795,-1.88,2.202,0.8054,Gaia DR2  465774261070913664,40.98188684168,61.76246444488,465774261070913664,,15.63,1.2908,1.0
NGC_1027,40.88833860093,61.83841885684,135.75197265676,1.7897435137,-1.553,1.888,0.9328,Gaia DR2  465778208135362048,40.88835276445,61.83841072982,465778208135362048,,16.9198,1.6355,0.7
NGC_1027,40.55253434794,61.84333291456,135.60575714239,1.72826933825,-1.839,2.18,1.0046,Gaia DR2  465789581208764288,40.55255112458,61.84332353018,465789581208764288,,17.5045,1.6794,0.8
NGC_1027,40.82021528285,61.73107112763,135.76758535214,1.67876002368,-1.512,2.055,0.9246,Gaia DR2  465775699874317824,40.82022902406,61.73106227974,465775699874317824,,17.493,1.6302,0.5
NGC_1027,40.78868785147,61.70454398851,135.76507690647,1.64841944781,-1.672,2.239,0.8772,Gaia DR2  465775287557372928,40.78870303805,61.70453434644,465775287557372928,,12.4611,0.4988,1.0
NGC_1027,40.84704982981,61.78252948666,135.75762707664,1.730818984,-1.629,1.99,0.8355,Gaia DR2  465777589659840512,40.84706466164,61.78252091836,465777589659840512,,10.8636,0.4434,1.0
NGC_1027,40.85489375671,61.698664404,135.79606423911,1.65617972092,-2.149,1.938,0.8318,Gaia DR2  465772646163232896,40.85491327135,61.69865606053,465772646163232896,,14.7218,1.1701,0.9
NGC_1027,40.84511791779,61.83897162072,135.73320288634,1.78171659339,-2.254,1.947,0.8482,Gaia DR2  465778551732745984,40.84513847872,61.83896323688,465778551732745984,,16.6591,1.4772,0.7
NGC_1027,40.80208557617,61.84772546312,135.71108565079,1.78119232005,-1.691,2.033,0.8721,Gaia DR2  465778624757465728,40.80210100639,61.84771671125,465778624757465728,,13.8234,0.8632,1.0
NGC_1027,40.8231530497,61.81701773378,135.73295017652,1.75743805571,-1.975,2.442,0.9185,Gaia DR2  465777692739054592,40.82317105509,61.81700721871,465777692739054592,,12.3191,0.5879,1.0
NGC_1027,40.92079624292,61.65539167957,135.84258676301,1.62995800434,-1.655,2.174,0.8136,Gaia DR2  465771615371090176,40.92081125289,61.65538232108,465771615371090176,,15.6943,1.2547,1.0
NGC_1027,40.89222617497,61.67083033011,135.82380050805,1.63830151938,-1.662,1.98,0.8099,Gaia DR2  465772371285331456,40.89224125597,61.6708218053,465772371285331456,,15.9487,1.294,1.0
NGC_1027,40.94347648032,61.64100391299,135.85840094836,1.62140674965,-1.83,1.789,0.8191,Gaia DR2  465771340493186176,40.94349307103,61.64099620842,465771340493186176,,16.7524,1.487,1.0
NGC_1027,40.84911924289,61.81246845671,135.74599985115,1.75842752098,-1.691,2.095,0.8604,Gaia DR2  465777697044547840,40.8491346545,61.8124594346,465777697044547840,,13.3234,0.6596,1.0
NGC_1027,40.88462519696,61.64140213339,135.83283894817,1.61006301007,-1.785,2.061,0.9346,Gaia DR2  465771203054234752,40.88464137394,61.64139325923,465771203054234752,,10.6072,0.4592,1.0
NGC_1027,41.19287376365,62.06205709862,135.78786856804,2.05286718505,-1.395,2.007,0.9607,,41.19288658725,62.06204845949,465787145972665600,,13.5953,0.9956,0.4
NGC_1027,41.05158440162,61.70746861134,135.87705517192,1.70326694783,-1.969,1.586,0.7918,Gaia DR2  465773127199562240,41.05160229244,61.70746178485,465773127199562240,,10.74,0.4266,0.6
NGC_1027,40.97072888273,61.72091749923,135.8366173971,1.69937590958,-1.645,2.093,0.8581,Gaia DR2  465774020552759552,40.97074383298,61.72090848793,465774020552759552,,13.0154,0.6196,1.0
NGC_1027,40.94536467018,61.85151977855,135.77092971846,1.81290972598,-1.643,2.144,0.9119,Gaia DR2  465778070696435840,40.94537966697,61.85151054941,465778070696435840,,16.6227,1.4049,1.0
NGC_1027,40.72059633913,61.77462912123,135.70654749751,1.69870432839,-1.653,2.111,0.9127,Gaia DR2  465776838051118208,40.72061138808,61.77462003384,465776838051118208,,14.6441,1.0972,1.0
NGC_1027,40.66542249291,61.78688269738,135.67771321961,1.69900317959,-1.788,2.07,0.9154,Gaia DR2  465776734971901312,40.66543877682,61.78687378549,465776734971901312,,15.076,1.1672,1.0
NGC_1027,40.72784083561,61.78424156691,135.70566182691,1.7088704831,-1.608,2.154,0.8537,Gaia DR2  465776872410852992,40.72785547526,61.78423229062,465776872410852992,,17.3579,1.6182,0.9
NGC_1027,40.64739410766,61.87177506629,135.63470109832,1.77269720787,-1.65,2.328,0.9502,Gaia DR2  465789310636096000,40.64740917218,61.87176504505,465789310636096000,,16.0525,1.4808,1.0
NGC_1027,40.59094330102,61.79508358274,135.64226225656,1.69186084456,-1.576,2.27,0.8674,Gaia DR2  465788417282947200,40.59095765586,61.79507380869,465788417282947200,,17.168,1.6217,0.8
NGC_1027,40.92316219167,61.75184538151,135.80318777616,1.71801264227,-1.83,2.079,0.901,Gaia DR2  465774295430712192,40.92317883604,61.75183643087,465774295430712192,,15.0081,1.1036,1.0
NGC_1027,40.82623508415,61.77671712795,135.7511091544,1.72142672735,-1.745,2.167,0.811,Gaia DR2  465776116496605184,40.82625096966,61.77670779848,465776116496605184,,16.4072,1.3468,1.0
NGC_1027,40.94545195121,61.79891310325,135.793030967,1.76516587912,-1.669,1.897,0.9265,Gaia DR2  465774535948878464,40.94546715444,61.79890493388,465774535948878464,,13.2649,0.7587,0.9
NGC_1027,40.90134735957,61.61715722448,135.85020776934,1.59136773976,-1.642,2.549,0.8651,Gaia DR2  465771134334761984,40.90136223061,61.61714624983,465771134334761984,,16.7956,1.5833,1.0
NGC_1027,40.81107929164,61.70543782168,135.77435394551,1.65365964689,-1.69,2.012,0.9314,Gaia DR2  465775291863087104,40.81109464524,61.70542916001,465775291863087104,,15.1472,1.1349,1.0
NGC_1027,40.48243717531,61.8328357478,135.57995876456,1.70503697151,-2.153,1.78,0.7953,,40.48245681539,61.83282808373,465789482434825344,,17.7142,1.7129,0.3
NGC_1027,40.77446289419,61.79563198069,135.72096005673,1.72840537234,-1.651,2.078,0.9017,Gaia DR2  465776906770581760,40.77447793047,61.7956230316,465776906770581760,,13.0652,0.5925,1.0
NGC_1027,40.82517476386,61.78741819866,135.74618313241,1.73094095826,-1.836,2.113,0.917,Gaia DR2  465776116496600064,40.82519148328,61.78740910025,465776116496600064,,14.1109,0.9571,1.0
NGC_1027,40.59351981608,61.81534740916,135.63497090962,1.71080781448,-2.135,1.701,0.7357,Gaia DR2  465788726520582784,40.59353927922,61.81534008681,465788726520582784,,17.8028,1.8426,0.8
NGC_1027,40.72770232067,61.72279991279,135.73118495784,1.65297583648,-1.804,2.325,0.8757,Gaia DR2  465775532381076352,40.72771871925,61.72278990228,465775532381076352,,14.0778,0.9286,1.0
NGC_1027,40.67663696409,61.72250623143,135.70929714641,1.64264894612,-1.906,2.118,0.9041,Gaia DR2  465776219575844736,40.67665428679,61.72249711372,465776219575844736,,13.7308,0.8254,1.0
NGC_1027,40.7937793828,61.72220541662,135.75990175888,1.66547781322,-1.721,1.891,0.8447,Gaia DR2  465775738539504512,40.79379502376,61.72219727584,465775738539504512,,13.8031,0.8308,1.0
NGC_1027,39.82904188373,61.96205604631,135.24609434322,1.69731942194,-1.832,2.051,0.8913,Gaia DR2  465891152898391936,39.82905866286,61.96204721465,465891152898391936,,13.4452,0.7767,1.0
NGC_1027,39.49623133274,61.49677804963,135.2885224731,1.20790079913,-1.68,1.615,0.8077,Gaia DR2  465851566176918912,39.49624648839,61.49677109495,465851566176918912,,15.9396,1.3635,0.5
NGC_1027,39.86049862809,62.07531626798,135.21381926158,1.80688674341,-1.376,2.415,0.8502,Gaia DR2  465893283202122624,39.86051127514,62.07530587039,465893283202122624,,16.0359,1.349,0.7
NGC_1027,39.90331797164,62.0691428688,135.23466748962,1.80935441699,-1.851,2.212,0.9191,Gaia DR2  465893592439768320,39.90333498759,62.06913334308,465893592439768320,,15.585,1.4102,1.0
NGC_1027,39.31723304938,61.67834231693,135.13810838106,1.3405893661,-1.952,2.339,0.8745,Gaia DR2  465857961390233088,39.31725076769,61.6783322471,465857961390233088,,14.223,1.1703,0.9
NGC_1027,39.98106516126,62.05767589118,135.27263191083,1.81363804398,-1.719,2.868,1.0022,Gaia DR2  465892591704635136,39.98108095829,62.05766354342,465892591704635136,,17.6745,1.709,0.5
NGC_1027,39.9218418476,61.73282517442,135.37889740117,1.50537926676,-2.481,2.063,0.8942,,39.92186440471,61.73281629032,465879092630321152,,15.9698,1.3648,0.3
NGC_1027,39.47700132313,61.53211918251,135.26600742438,1.2366482409,-1.924,2.015,1.0087,Gaia DR2  465851776637578496,39.47701870364,61.53211050734,465851776637578496,,15.8253,1.3466,0.8
NGC_1027,39.84035485469,61.70638350424,135.35427596685,1.46558114309,-2.065,1.976,0.8335,Gaia DR2  465878779090666368,39.84037361006,61.70637499567,465878779090666368,,17.6047,1.7614,0.6
NGC_1027,39.94996613631,61.79390433056,135.36630502929,1.5666104587,-1.033,2.238,0.9497,,39.94997554348,61.79389469276,465885346102677888,,15.5066,1.3006,0.4
NGC_1027,39.90550761057,61.86546946621,135.31810305356,1.62353549309,-1.831,2.134,0.8887,Gaia DR2  465886583053232384,39.90552433108,61.86546027866,465886583053232384,,16.6227,1.4814,1.0
NGC_1027,39.59033871803,61.93480760099,135.15423616542,1.62722950123,-1.593,1.83,0.9025,,39.59035329768,61.93479972289,465896719175859200,,16.9632,1.5422,0.3
NGC_1027,40.13829962349,61.87852210988,135.41311047552,1.68006961737,-1.696,1.742,0.8127,Gaia DR2  465887304607715840,40.13831511157,61.87851461162,465887304607715840,,16.2491,1.425,0.6
NGC_1027,40.00770091325,61.89163183104,135.35153542237,1.66698458012,-1.803,2.099,0.9062,Gaia DR2  465886857931118720,40.00771738619,61.8916227923,465886857931118720,,15.7581,1.3659,1.0
NGC_1027,40.09953732266,61.89230159238,135.39080318509,1.68520209864,-1.937,1.195,1.0223,,40.09955502126,61.89229644689,465887579485618432,,15.2491,1.4317,0.2
NGC_1027,39.7017071184,61.61411494051,135.33121162431,1.35461461033,-2.076,2.19,0.8852,Gaia DR2  465876584369458176,39.70172591816,61.61410551262,465876584369458176,,14.7513,1.1853,1.0
NGC_1027,39.86791844687,61.82768653648,135.31716948173,1.58180733479,-1.69,2.09,0.8709,Gaia DR2  465880570099034624,39.8679338592,61.82767753697,465880570099034624,,15.876,1.3695,1.0
NGC_1027,40.15672324417,61.90412862022,135.41058071787,1.70698885261,-1.751,2.091,0.8327,Gaia DR2  465887510766132736,40.1567392489,61.9041196184,465887510766132736,,13.0982,0.6409,1.0
NGC_1027,39.83967002942,61.83228899944,135.30310586376,1.58062795952,-1.689,2.393,0.8389,Gaia DR2  465880638818511104,39.83968543507,61.83227869766,465880638818511104,,17.1726,1.6987,0.9
NGC_1027,39.33082523266,61.71337178849,135.13012479603,1.3753009917,-1.696,1.927,0.8286,Gaia DR2  465869849859685504,39.33084063926,61.71336349344,465869849859685504,,14.5616,1.1296,1.0
NGC_1027,39.44667387703,61.64864250727,135.20630930403,1.33776111195,-1.784,2.479,0.9446,Gaia DR2  465856995016340736,39.44669005377,61.64863183544,465856995016340736,,16.6294,1.5124,0.9
NGC_1027,39.57187679016,61.57857350965,135.2888817832,1.29728789292,-1.735,2.641,1.0255,Gaia DR2  465853425905007872,39.5718924848,61.57856213935,465853425905007872,-4.061699783446324,10.1353,1.9368,0.8
NGC_1027,39.64386881352,61.53847184847,135.33637554393,1.27428314676,-2.393,1.755,0.911,,39.64389042883,61.53846429161,465852704350509056,,16.4844,1.5407,0.2
NGC_1027,39.60446734181,61.50157372312,135.3339539102,1.23294764653,-1.838,1.83,0.8615,Gaia DR2  465852184651888640,39.6044839303,61.50156584349,465852184651888640,,17.9999,1.7606,0.7
NGC_1027,39.6823941944,61.65605114962,135.30595074279,1.38932894797,-1.687,1.612,0.8017,Gaia DR2  465877512082388992,39.6824094938,61.65604420878,465877512082388992,,13.5663,0.7759,0.7
NGC_1027,39.90241145901,61.78755512841,135.3483190165,1.55169902957,-1.479,1.533,0.7561,,39.90242492986,61.78754852964,465879500644668544,,13.4347,0.8138,0.1
NGC_1027,39.46026453619,61.70145780805,135.19117072683,1.38877082476,-0.977,1.765,0.9531,,39.46027340957,61.70145021044,465858270627853312,,15.4373,1.3122,0.2
NGC_1027,39.49102824685,61.7588118587,135.18165369582,1.44717687699,-1.968,1.965,0.9033,Gaia DR2  465881978848172416,39.49104615635,61.75880339665,465881978848172416,,15.2779,1.2934,1.0
NGC_1027,39.20924444644,61.61833617946,135.11476491406,1.26518430035,-1.673,1.887,0.7873,Gaia DR2  465867650836499200,39.20925960345,61.61832805467,465867650836499200,,16.4719,1.5521,1.0
NGC_1027,39.74756925931,61.60721780072,135.35395596398,1.35707241776,-1.92,2.328,0.94,Gaia DR2  465876481290243200,39.74758664797,61.60720777551,465876481290243200,,11.6728,0.6146,1.0
NGC_1027,39.25436719525,61.77691440993,135.07169434623,1.41929689597,-1.482,1.618,0.7707,,39.2543806904,61.77690744394,465871396047883392,,16.4522,1.424,0.1
NGC_1027,39.35122161723,61.84670004894,135.08603439979,1.50150204299,-1.102,1.759,0.7977,,39.35123167417,61.8466924771,465895172987687040,,15.0596,1.3167,0.1
NGC_1027,39.85870401084,62.15671102517,135.18012972684,1.88099478269,-2.228,2.151,0.938,Gaia DR2  465905858866346880,39.85872454641,62.15670176571,465905858866346880,,17.0126,1.5073,0.5
NGC_1027,40.26779107451,62.15940272326,135.3536407311,1.96123130248,-1.458,1.905,1.0173,,40.26780451889,62.15939452072,465988562756619904,,13.0395,,0.1
NGC_1027,40.5165605859,62.13537186508,135.46952240574,1.98717434115,-2.01,2.138,0.8016,Gaia DR2  465984748825655424,40.51657909896,62.13536265877,465984748825655424,,14.6934,1.0973,0.9
NGC_1027,40.14688039995,62.2315741481,135.27260301253,2.00401408021,-1.2,1.849,0.7645,,40.14689148722,62.23156618914,465989937146109696,,15.0873,1.3452,0.1
NGC_1027,40.35627802533,62.0848992786,135.42199377293,1.91028151682,-1.93,2.197,0.9448,Gaia DR2  465984336508841088,40.35629577607,62.08488981788,465984336508841088,,17.131,1.5709,0.6
NGC_1027,40.28892214588,62.09550268051,135.38887417111,1.9070019097,-1.604,1.737,0.8338,Gaia DR2  465983718033549184,40.2889369065,62.09549520361,465983718033549184,,14.4602,1.0533,0.5
NGC_1027,40.3929144092,62.0439195426,135.45451372609,1.87999077614,-1.061,2.337,0.9791,,40.39292415547,62.04390947991,465984022968173568,,17.768,1.9701,0.3
NGC_1027,40.21998039881,62.13276298297,135.34416843645,1.92777920225,-1.848,2.148,0.8976,Gaia DR2  465986947848942208,40.21999741802,62.1327537347,465986947848942208,,14.2488,1.0201,1.0
NGC_1027,40.1157693953,62.06413273153,135.32768616022,1.84521496927,-1.576,1.363,0.7373,,40.11578388,62.0641268639,465986260654213760,,12.968,0.6176,0.1
