RA_ICRS,DE_ICRS,Source,Plx,e_Plx,PM,pmRA,pmDE,Solved,nueff,pscol,RUWE,Gmag,BPmag,RPmag,BP-RP,RV,ELAT,RAJ2000,DEJ2000,Plx_corr,cluster
41.57027409069,61.17340904302,464949661706849280,0.83,0.0378,2.577,-1.596,2.023,31,1.44,,1.041,16.192581,16.815716,15.430469,1.385247,,42.57299631139,41.57028880564,61.17340005192,0.858649,1
41.65449991652,61.22374564437,464950211462625792,0.9554,0.0447,2.603,-1.741,1.936,31,1.433,,0.919,16.519371,17.16683,15.747625,1.419205,,42.60265223848,41.65451598608,61.22373703977,0.984442,1
42.13862493076,61.39410904137,464956361855632896,0.8718,0.0169,2.7,-1.764,2.044,31,1.61,,1.209,11.991033,12.20776,11.621119,0.586641,-67.03,42.66507019221,42.13864130158,61.39409995682,0.911275,1
41.20981261916,61.00643386135,465597755092954240,0.8735,0.0226,2.731,-1.759,2.089,31,1.467,,1.04,14.797569,15.339229,14.089526,1.249702,,42.49089585173,41.209828748,61.00642457675,0.90689,1
40.92160208527,61.09459796824,465602702895244672,0.8258,0.087,2.829,-1.878,2.115,95,,1.3769,1.031,17.198761,,,,,42.62822224047,40.92161935361,61.094588568,0.86236,1
40.92241433088,61.09423874202,465602702895244800,0.9349,0.0354,2.764,-1.855,2.05,31,1.455,,1.014,15.765883,16.284992,14.968859,1.316134,,42.62773397112,40.92243138459,61.09422963205,0.967899,1
41.04880119972,61.21089661524,465609536182815360,0.8934,0.1147,2.763,-1.796,2.1,31,1.353,,1.031,17.792515,18.752975,16.841764,1.911211,,42.70931884745,41.04881777056,61.21088728235,0.923362,1
41.11002871699,61.25860501192,465610085938776192,0.8548,0.0802,2.767,-1.659,2.214,31,1.386,,1.023,17.37448,18.181145,16.491581,1.689564,,42.74084612802,41.11004404678,61.25859517057,0.886151,1
41.12493444013,61.25592266819,465610090242033408,0.8292,0.1354,2.483,-1.68,1.829,95,,1.2974,1.024,18.362757,19.231236,17.476292,1.754944,,42.73547264541,41.12494996834,61.2559145415,0.8651810000000001,1
41.25893550577,61.23554506139,465610399476734080,0.9108,0.0707,2.574,-1.619,2.001,31,1.404,,0.997,17.193727,17.938925,16.361628,1.577297,,42.69060193125,41.25895045973,61.23553616843,0.941237,1
41.27813494539,61.2420795324,465610433836225024,0.9273,0.0425,2.704,-1.755,2.057,31,1.44,,1.0,16.3537,16.972952,15.594036,1.378916,,42.69281365324,41.27815116126,61.24207039059,0.956058,1
41.23669879581,61.27621680689,465610704414118144,0.894,0.0649,2.523,-1.561,1.982,31,1.377,,1.029,17.113922,17.967196,16.190907,1.776289,,42.73210475388,41.23671323529,61.27620799922,0.925571,1
41.22303499647,61.32441526648,465611945664660736,0.9435,0.0454,2.769,-1.835,2.074,31,1.438,,1.019,16.49066,17.11392,15.725948,1.387972,,42.77879478146,41.22305199216,61.32440605004,0.972394,1
41.17923564415,61.34283389571,465612216243422976,0.9075,0.1879,2.649,-1.592,2.117,31,1.324,,0.997,18.910963,20.020525,17.880968,2.139557,,42.80418111414,41.17925039425,61.34282448678,0.924448,1
40.63491564725,61.26634733304,465619470447676672,0.8636,0.0122,2.225,-1.51,1.635,31,1.564,,1.024,13.094525,13.394835,12.621419,0.773416,,42.84153885648,40.63492960324,61.26634006773,0.897104,1
40.58209999568,61.30046311835,465620501239598464,0.9339,0.0764,2.465,-1.724,1.762,31,1.387,,0.944,17.292261,18.116209,16.410831,1.705378,,42.88307968614,40.58211595094,61.30045528515,0.965124,1
40.65700285679,61.36876394169,465621149774787840,0.9705,0.136,2.652,-1.619,2.1,31,1.338,,1.006,18.314913,19.330532,17.374065,1.956467,,42.93049656939,40.65701787391,61.36875460701,0.994848,1
40.82925456779,61.27158182618,465622558523828096,0.9092,0.0229,2.522,-1.697,1.865,31,1.462,,1.051,14.886359,15.440454,14.167191,1.273263,,42.80791837839,40.82927026071,61.27157353774,0.942492,1
40.84226715767,61.2759239346,465622562823892224,0.8926,0.0391,2.513,-1.847,1.704,31,1.422,,0.955,16.152637,16.833155,15.345932,1.487223,,42.80931268757,40.84228423905,61.2759163599,0.921554,1
40.89106569564,61.30798746887,465622734622550784,0.8879,0.0354,2.53,-1.591,1.967,31,1.437,,0.925,15.99774,16.63229,15.221448,1.410842,,42.82894294869,40.89108042608,61.30797872712,0.91883,1
40.93923279234,61.35397787458,465623250018590080,0.8792,0.013,2.716,-1.721,2.102,31,1.582,,1.019,13.026036,13.295957,12.595498,0.700458,,42.86141683649,40.93924874717,61.35396853401,0.909319,1
41.20643598688,61.38577095357,465624109012010368,0.9041,0.0199,2.651,-1.752,1.989,31,1.482,,0.989,14.575735,15.076125,13.905071,1.171054,-47.29,42.8380604852,41.20645225013,61.38576211318,0.937363,1
41.04090843716,61.39075568622,465624723187631104,0.9121,0.0226,2.677,-1.779,2.0,31,1.475,,0.999,15.030902,15.546245,14.341561,1.204683,,42.87501037297,41.04092495397,61.39074679911,0.945159,1
41.05325599858,61.40280828521,465625105444425344,0.8808,0.0242,2.755,-1.731,2.143,31,1.479,,0.986,15.098552,15.606346,14.417184,1.189162,,42.88358673058,41.0532720724,61.40279875868,0.913778,1
41.08710819619,61.45112608562,465625479101966208,0.9899,0.2529,2.445,-1.51,1.923,95,,1.2909,0.992,19.169788,,,,,42.92104150431,41.08712223587,61.45111753817,1.015157,1
41.05797730366,61.44203347017,465625517761270144,0.8341,0.0488,2.756,-1.807,2.081,31,1.416,,0.982,16.685637,17.387783,15.868615,1.519168,,42.91844794657,41.05799410282,61.44202422264,0.863671,1
40.7785431261,61.36784695441,465626101876878976,0.9788,0.0547,2.65,-1.828,1.918,31,1.41,,1.021,16.825521,17.559204,15.991653,1.567552,,42.9056846746,40.77856008093,61.36783843038,1.008683,1
40.89685620284,61.39337696252,465626372455072128,0.9605,0.1751,2.853,-1.799,2.215,31,1.314,,0.998,18.786308,19.96154,17.757753,2.203787,,42.90567671577,40.89687290087,61.39336711856,0.979316,1
40.85003156937,61.38449996322,465626445474247168,0.8309,0.026,2.632,-1.696,2.013,31,1.468,,0.977,15.281777,15.818916,14.576286,1.24263,,42.90679029382,40.85004730453,61.38449101452,0.863887,1
40.83191471652,61.38755504483,465626514193723776,0.9779,0.0535,2.363,-1.543,1.789,31,1.413,,0.941,16.774263,17.491129,15.956342,1.534787,,42.91314039127,40.83192903989,61.38754709338,1.007641,1
40.70477210388,61.38107732562,465626995230377344,0.884,0.0508,2.779,-1.841,2.082,31,1.416,,0.984,16.691833,17.353214,15.785248,1.567967,,42.932287629,40.70478918842,61.38106807217,0.913575,1
40.65810192663,61.3805057146,465627029589816448,0.8311,0.0789,2.899,-1.758,2.305,31,1.352,,0.983,17.24219,18.200571,16.285322,1.915249,,42.94097752916,40.65811824318,61.38049547227,0.8643829999999999,1
40.70020857528,61.41034906235,465627201388487296,0.9085,0.0334,2.724,-1.697,2.131,31,1.434,,0.956,15.877435,16.512743,15.100082,1.412661,,42.95986008714,40.7002243318,61.41033959004,0.941697,1
40.84509008574,61.42992420454,465627407546896384,0.8785,0.0157,2.575,-1.82,1.821,31,1.514,,1.02,14.147489,14.564335,13.551445,1.01289,,42.94917358037,40.84510699981,61.42991610954,0.911744,1
40.77660138995,61.43641045027,465627648065065472,0.8449,0.0572,2.511,-1.664,1.881,31,1.4,,1.014,16.773684,17.531773,15.92857,1.603203,,42.96855833463,40.77661685861,61.43640209174,0.8750829999999999,1
40.91849850228,61.41479035818,465627884283598976,0.9279,0.4291,2.91,-1.683,2.374,95,,1.2544,1.026,20.005718,20.840162,19.150625,1.689537,,42.92095101188,40.91851413383,61.41477980716,0.956335,1
41.03789576053,61.47283021621,465628502758968448,0.8747,0.0435,2.55,-1.782,1.824,31,1.438,,1.003,16.396742,17.015175,15.626953,1.388222,,42.95047232569,41.03791234844,61.47282211035,0.903492,1
41.01929194293,61.47345487333,465628541418238080,0.9134,0.0905,2.846,-1.828,2.181,31,1.377,,1.011,17.698277,18.542637,16.812553,1.730084,,42.9546846433,41.0193089539,61.47344517978,0.943156,1
40.98131264049,61.47707991583,465628644497453568,0.9083,0.0359,2.78,-1.742,2.167,31,1.45,,0.998,15.983946,16.574532,15.239351,1.33518,,42.96543047387,40.98132885661,61.47707028668,0.939289,1
41.00377909793,61.49413891297,465628777637342976,0.9137,0.3243,2.576,-1.856,1.787,31,1.28,,0.987,19.55206,20.830519,18.454979,2.37554,,42.97658635497,41.00379637937,61.49413096966,0.937445,1
40.8548573526,61.44023611689,465628880713778944,0.8491,0.024,2.601,-1.762,1.914,31,1.621,,1.392,11.466444,11.664059,11.118971,0.545088,,42.95665389428,40.85487372993,61.44022761189,0.900966,1
40.87954337411,61.45373419168,465628919375371776,0.9356,0.0838,2.694,-1.82,1.985,31,1.399,,1.195,17.146904,17.896376,16.282263,1.614113,,42.96410900454,40.87956030322,61.4537253674,0.966169,1
40.81414360351,61.45144648417,465629159893544960,0.8999,0.0804,2.779,-1.812,2.106,31,1.388,,1.017,17.41755,18.210995,16.546736,1.664259,,42.9748760539,40.81416045701,61.45143712328,0.931191,1
40.79290729971,61.47790050964,465629228613014016,0.8499,0.0368,2.809,-1.768,2.183,31,1.447,,1.054,16.022806,16.6247,15.274234,1.350467,,43.00316078075,40.79292375151,61.47789080672,0.880042,1
40.81634042211,61.48283081481,465629262972748928,0.8883,0.1892,2.756,-1.783,2.101,31,1.315,,1.014,18.898779,20.079119,17.85234,2.226778,,43.00304740635,40.81635702417,61.48282147813,0.905517,1
40.86052586096,61.48180274522,465629293030637952,0.93,0.0121,2.778,-1.836,2.085,31,1.601,,0.952,12.709316,12.942853,12.325309,0.617544,,42.99343019775,40.86054294943,61.48179347667,0.954304,1
40.835987633,61.48088134352,465629293032956416,0.8222,0.143,2.636,-1.829,1.899,31,1.34,,1.044,18.449602,19.470081,17.449253,2.020828,,42.99741011449,40.83600465791,61.48087290372,0.844782,1
40.83348914497,61.48263281943,465629293032958976,0.9191,0.0986,2.94,-1.744,2.367,31,1.368,,1.051,17.880875,18.764307,16.955729,1.808579,,42.99949729342,40.83350537955,61.4826222973,0.947256,1
40.83740939186,61.5050193289,465629400411695488,0.8659,0.0119,2.876,-1.842,2.209,31,1.598,,0.961,13.029446,13.267965,12.639159,0.628806,,43.01912989617,40.83742655442,61.50500951149,0.896393,1
40.91279665498,61.48641081116,465629434771436160,0.8661,0.0164,2.576,-1.822,1.822,31,1.51,,1.019,14.3392,14.76472,13.733061,1.031659,,42.98737162925,40.91281361995,61.48640271545,0.899233,1
40.90270589492,61.49522301168,465629499191404288,0.8578,0.2069,2.781,-1.828,2.095,31,1.319,,1.004,18.979755,20.17626,17.957,2.219259,,42.99738465096,40.90272291984,61.49521369845,0.873856,1
40.94756238117,61.514760359,465629572210383104,0.8746,0.0161,2.735,-1.8,2.059,31,1.518,,1.027,14.222963,14.632948,13.637302,0.995645,,43.00640134589,40.94757915732,61.51475120939,0.907745,1
40.95977903778,61.53165662764,465629675289596544,0.8711,0.0388,2.736,-1.917,1.952,31,1.42,,1.063,16.1564,16.83669,15.346031,1.49066,,43.01941248652,40.95979690825,61.53164795009,0.900073,1
40.94809439024,61.52240068163,465629675289597184,0.911,0.0956,2.66,-1.735,2.016,31,1.369,,0.959,17.799545,18.675413,16.90039,1.775022,,43.01326274187,40.94811056579,61.52239171941,0.94002,1
40.86297760895,61.53152366205,465629812728551040,0.905,0.0184,2.621,-1.64,2.045,31,1.493,,1.157,14.230374,14.700613,13.585322,1.115291,-41.39,43.03826630415,40.8629929025,61.53151457408,0.938315,1
40.16628928656,61.31639928142,465646369819233152,0.9878,0.1105,2.838,-1.909,2.1,31,1.351,,0.96,17.870052,18.870697,16.925976,1.944721,,42.98021132166,40.16630696273,61.31638994798,1.016958,1
40.03374685281,61.36938679336,465659259025148544,0.8752,0.0199,2.805,-1.89,2.072,31,1.47,,0.953,14.612106,15.14433,13.913819,1.230511,,43.05484446139,40.033764388,61.36937758471,0.908476,1
39.92972493291,61.37353301265,465659460879611648,0.8625,0.039,2.675,-1.766,2.009,31,1.411,,0.994,16.096418,16.812597,15.259454,1.553144,,43.07940641823,39.92974131489,61.3735240827,0.891746,1
40.45141389693,61.26306788404,465665753016852864,0.9108,0.0214,2.607,-1.7,1.977,31,1.466,,0.992,14.697015,15.240524,13.985876,1.254648,,42.87493015689,40.45142960882,61.26305909722,0.944127,1
40.45381133631,61.25979103016,465665753016853632,0.8291,0.0821,2.748,-1.753,2.116,31,1.376,,1.02,17.411364,18.274986,16.50934,1.765646,,42.87146975644,40.45382754113,61.25978162704,0.860992,1
40.47485109736,61.28913620269,465665959175274880,0.8482,0.023,2.572,-1.828,1.809,31,1.454,,1.012,14.927585,15.503132,14.184635,1.318497,,42.89401880476,40.47486801167,61.28912816201,0.8815339999999999,1
40.34388635148,61.28504949064,465666435907822336,0.9442,0.0114,2.736,-1.856,2.011,31,1.57,,0.932,12.463967,12.758513,11.998183,0.760329,-45.78,42.91631443619,40.34390351653,61.28504055377,0.965466,1
40.46644778485,61.34748439821,465667741579968256,0.9034,0.1375,2.937,-1.954,2.193,31,1.322,,0.978,18.458227,19.591291,17.471142,2.12015,,42.94881880836,40.46646589659,61.34747465117,0.92653,1
40.51127346338,61.3449384851,465667775939703168,0.8628,0.0292,2.87,-1.721,2.297,31,1.443,,1.216,15.330261,15.925641,14.538334,1.387307,,42.9376174939,40.51128941408,61.34492827765,0.896083,1
40.59993703272,61.35992521532,465667952040072064,0.9047,0.0127,2.763,-1.906,2.001,31,1.561,,0.942,12.839987,13.14994,12.357528,0.792413,,42.93372062735,40.59995470597,61.35991632193,0.927242,1
40.59129609893,61.35039174997,465667952040076032,0.8782,0.0138,2.576,-1.789,1.854,31,1.546,,0.961,13.533263,13.872727,13.018444,0.854283,,42.92674490478,40.59131268107,61.35038351056,0.911701,1
40.56697267112,61.36892285883,465668016457919872,1.0062,0.0894,2.812,-1.915,2.059,31,1.367,,0.948,17.59454,18.462423,16.643782,1.818642,,42.94843563232,40.56699043463,61.36891370964,1.037628,1
40.58732908647,61.38611502748,465668123838754304,0.8356,0.0225,2.779,-1.787,2.128,31,1.453,,0.955,14.958172,15.541428,14.219196,1.322231,,42.96006931772,40.58734566868,61.38610557068,0.868909,1
40.40267970828,61.38274203684,465668776673793920,0.842,0.0696,2.712,-1.948,1.887,31,1.383,,1.026,17.138157,17.951698,16.250402,1.701296,,42.99356149764,40.40269778629,61.38273365002,0.873269,1
40.40907618823,61.37009417125,465668776673798912,0.9994,0.0277,2.741,-1.931,1.945,31,1.444,,1.037,15.468059,16.06792,14.692759,1.375162,,42.9807800289,40.40909410143,61.37008552573,1.03259,1
40.5574442924,61.42501116143,465669188990625024,0.892,0.0208,2.613,-1.765,1.927,31,1.473,,1.071,14.705471,15.229218,14.012778,1.21644,,43.00140038902,40.55746069494,61.425002596,0.925216,1
40.50149158269,61.44644598205,465669463868520192,0.8456,0.0229,2.662,-1.758,1.999,31,1.46,,0.945,14.980259,15.539246,14.254309,1.284937,,43.03197958884,40.50150792902,61.44643709779,0.878792,1
40.25241332484,61.3729477633,465670387276416128,0.8191,0.0428,2.685,-1.786,2.004,31,1.409,,1.321,15.845112,16.554987,14.986992,1.567995,,43.01449762401,40.25242989675,61.37293885697,0.8529180000000001,1
40.29832247027,61.41695874505,465672109568407808,0.8353,0.0746,2.794,-1.803,2.135,31,1.385,,1.028,17.169743,17.978476,16.286581,1.691895,,43.04541127965,40.29833921769,61.41694925728,0.866498,1
40.41781241183,61.44810314471,465672315726812928,0.9508,0.0771,2.736,-1.861,2.006,31,1.383,,1.006,17.238802,18.04234,16.36314,1.679199,,43.05005042476,40.41782971543,61.44809423086,0.982161,1
40.44065582584,61.46883934429,465672517580321792,0.9823,0.1006,2.716,-1.978,1.86,31,1.364,,1.0,17.791061,18.687458,16.872498,1.81496,,43.06439936561,40.44067423248,61.4688310757,1.011668,1
40.28102516786,61.49264258,465673312159204224,0.8056,0.0852,2.886,-2.043,2.038,95,,1.388,1.015,17.430922,18.03411,16.420073,1.614037,,43.11768911283,40.28104419366,61.49263352138,0.841164,1
40.25353857991,61.50455742181,465673380878675072,0.9066,0.0446,2.782,-1.691,2.209,31,1.4,,0.981,16.464146,17.217386,15.603636,1.613751,,43.13397927093,40.25355433564,61.50454760393,0.936474,1
40.3369029384,61.55210497904,465673930634442240,0.8925,0.023,2.694,-1.797,2.006,31,1.479,,1.026,15.003148,15.51054,14.321501,1.189039,,43.16069480075,40.33691970703,61.55209606249,0.92544,1
40.64888912395,61.38598351394,465673960692692864,0.9612,0.1235,2.392,-1.49,1.871,31,1.331,,0.956,18.116726,19.18954,17.119562,2.069979,,42.94778724247,40.64890294809,61.38597519786,0.988434,1
40.68110733176,61.43056424404,465674205512534784,0.8832,0.029,2.627,-1.803,1.911,31,1.44,,1.024,15.540681,16.161154,14.772822,1.388331,,42.98204453278,40.68112408578,61.43055574891,0.916424,1
40.63654254599,61.43477438319,465674377311102464,0.9085,0.0375,2.573,-1.628,1.992,31,1.419,,0.998,16.048529,16.734903,15.235831,1.499072,,42.99467074053,40.63655767998,61.43476552809,0.938628,1
40.71484047157,61.43598164575,465674514750208384,0.9222,0.0382,2.536,-1.556,2.002,31,1.43,,1.16,15.838985,16.484438,15.042626,1.441812,,42.9803307289,40.71485493546,61.43597274806,0.95549,1
40.68247119798,61.4428410915,465674579168077824,0.8586,0.1277,2.611,-1.843,1.849,31,1.34,,0.944,18.222073,19.203638,17.259268,1.94437,,42.99296002526,40.68248833271,61.44283287428,0.884028,1
40.68534233231,61.45903652938,465674583469654656,0.8988,0.0148,2.562,-1.687,1.928,31,1.528,,1.001,13.818861,14.20168,13.259839,0.941841,,43.00714787137,40.68535802133,61.45902795865,0.932162,1
40.70113525308,61.50438670233,465675025844764928,0.9241,0.0812,2.768,-1.809,2.094,31,1.385,,1.017,17.421177,18.24676,16.542585,1.704174,,43.04534793291,40.70115210824,61.50437739498,0.955535,1
40.69552694666,61.49924400671,465675025845187072,0.9443,0.0743,2.324,-1.469,1.801,31,1.385,,1.002,17.362745,18.183931,16.474817,1.709114,,43.04176769144,40.69554062576,61.49923600349,0.97568,1
40.49678693427,61.47112977412,465675403798349184,1.005,0.1331,2.8,-1.795,2.149,31,1.347,,0.97,18.243969,19.219248,17.283356,1.935892,,43.05538037531,40.49680363865,61.47112022506,1.0298539999999998,1
40.57114035424,61.48842368347,465675506877596416,0.8378,0.0437,2.979,-1.828,2.352,31,1.412,,1.022,16.407768,17.11608,15.584479,1.5316,,43.05643606398,40.57115737588,61.48841322893,0.867221,1
40.63594160409,61.4855750243,465675614261642624,0.8147,0.0854,2.574,-1.77,1.869,31,1.369,,0.982,17.571983,18.436813,16.66584,1.770973,,43.04105828614,40.63595808154,61.48556671571,0.846266,1
40.61212896293,61.48932127654,465675682981118848,0.9551,0.0734,2.903,-1.862,2.228,31,1.37,,1.01,17.257744,18.139822,16.340885,1.798937,,43.04916580418,40.61214629611,61.48931137525,0.987187,1
40.63037824492,61.52007170667,465675820420046720,0.9223,0.0117,2.542,-1.553,2.013,31,1.608,,0.854,10.535041,10.755154,10.150847,0.604307,,43.07356989595,40.63039271654,61.52006275946,0.943373,1
40.58575869005,61.53684784031,465675987914034304,0.9185,0.0919,2.902,-1.928,2.169,31,1.375,,0.99,17.701803,18.56542,16.794214,1.771206,,43.09764007979,40.5857766728,61.53683820158,0.948312,1
40.58363589586,61.52418569197,465675992218741120,0.9147,0.032,2.623,-1.904,1.805,31,1.425,,1.026,15.745652,16.421974,14.945601,1.476373,,43.0865307599,40.58365364021,61.52417766896,0.948105,1
40.62074003337,61.56423914442,465676129657653120,1.0212,0.1643,2.645,-1.792,1.946,31,1.282,,1.019,18.634792,20.048927,17.530941,2.517986,,43.1156845417,40.62075675659,61.56423049554,1.043295,1
40.76560975513,61.5145807254,465676267096827904,0.8908,0.012,2.752,-1.832,2.053,31,1.572,,0.907,13.294495,13.58226,12.839544,0.742716,,43.04195024595,40.76562682871,61.51457160078,0.924333,1
40.77403579587,61.50720185323,465676267096864000,0.8768,0.0232,2.874,-1.856,2.194,31,1.473,,1.044,15.088004,15.611787,14.391212,1.220574,,43.03357073492,40.77405308902,61.50719210193,0.909796,1
40.70925247144,61.51910455452,465676507614996864,0.8769,0.0121,2.752,-1.963,1.929,31,1.566,,0.98,13.388598,13.688799,12.920127,0.768672,,43.0571565476,40.70927076708,61.51909597925,0.910376,1
40.70190161848,61.51889375717,465676507614996992,0.8779,0.0173,2.742,-1.859,2.015,31,1.513,,1.061,14.188893,14.607765,13.594735,1.01303,,43.05841119748,40.70191894702,61.51888480001,0.911087,1
40.73338152544,61.53174594639,465676541974732032,0.8556,0.0331,2.664,-1.869,1.899,31,1.446,,0.963,15.804306,16.410002,15.052308,1.357694,,43.06392490474,40.73339894914,61.53173750658,0.888575,1
40.77947174508,61.53442445902,465676576334468352,0.9182,0.0615,2.506,-1.933,1.594,31,1.416,,1.06,16.935408,17.629023,16.09399,1.535032,,43.05730503338,40.77948977318,61.53441737558,0.947983,1
40.76842530464,61.52784179441,465676576334470144,0.8881,0.014,2.835,-1.841,2.155,31,1.539,,0.974,13.836865,14.197093,13.303603,0.89349,,43.05347856892,40.76844246988,61.52783221525,0.921366,1
40.78196847329,61.54316785245,465676610694205184,0.856,0.034,2.833,-1.824,2.168,31,1.451,,1.02,15.935303,16.525883,15.193732,1.332151,,43.06478035572,40.78198548344,61.54315821826,0.888049,1
40.76310071601,61.55936602053,465676675112242048,0.8912,0.1108,2.868,-1.936,2.115,31,1.348,,1.029,18.037588,19.074316,17.02194,2.052376,,43.08324359975,40.76311878643,61.55935661872,0.918509,1
40.8748950883,61.5829583775,465676954291578624,0.8978,0.0245,2.716,-1.942,1.899,31,1.484,,0.999,15.231483,15.724079,14.567675,1.156405,,43.082802896,40.87491322233,61.58294993816,0.930583,1
40.70303737048,61.52599926444,465677259227761920,0.8547,0.076,2.637,-1.765,1.959,31,1.388,,0.968,17.413136,18.233137,16.534904,1.698233,,43.06465972076,40.70305382164,61.52599055851,0.885985,1
40.69197257812,61.53204518363,465677263529039872,0.8601,0.0224,2.55,-1.679,1.919,31,1.475,,0.924,15.007165,15.530453,14.316105,1.214348,,43.07234393357,40.69198823172,61.5320366539,0.893107,1
40.71338579534,61.54329099651,465677293585136000,0.8635,0.0128,2.633,-1.846,1.878,31,1.571,,0.923,13.453458,13.744418,12.99708,0.747338,,43.07837368485,40.71340301308,61.54328265047,0.896889,1
40.70340327467,61.54973627139,465677297888760832,0.966,0.0359,2.731,-1.732,2.112,31,1.419,,1.054,16.02164,16.721653,15.20758,1.514073,,43.0862075897,40.70341942946,61.54972688309,0.996721,1
40.66840680586,61.54658605567,465677327944874240,0.8849,0.0159,2.726,-1.791,2.055,31,1.62,,1.175,11.828384,12.026256,11.481312,0.544944,,43.0902249683,40.66842351467,61.54657692291,0.937975,1
40.67939310147,61.54783537979,465677327947663872,0.8991,0.2119,2.87,-1.852,2.192,95,,1.3314,1.088,18.876287,20.054995,17.848616,2.206379,,43.08920039561,40.67941037979,61.54782563672,0.922089,1
40.68220747473,61.55187180122,465677362306999936,0.8262,0.1787,2.764,-1.758,2.133,31,1.338,,1.05,18.704557,19.668776,17.702719,1.966057,,43.09232253105,40.68222387515,61.55186232188,0.8456370000000001,1
40.73819094269,61.55529658412,465677400968186880,0.9089,0.0327,2.689,-1.735,2.054,31,1.458,,0.963,15.80582,16.377647,15.080001,1.297646,,43.08443168476,40.73820713546,61.55528745627,0.941684,1
40.70742171676,61.57261101736,465677469687430016,0.9029,0.0394,2.791,-1.745,2.179,31,1.447,,1.067,16.120298,16.729742,15.372214,1.357528,,43.10625052213,40.70743800579,61.57260133462,0.931285,1
40.71599847,61.56228531704,465677469687441152,0.8834,0.015,2.804,-1.737,2.201,31,1.596,,1.228,12.68853,12.929496,12.293478,0.636018,,43.09516002956,40.71601467735,61.56227553521,0.907296,1
40.66808228141,61.55239117658,465677534102301312,0.8817,0.0273,2.852,-1.738,2.262,31,1.467,,1.04,15.462988,16.006712,14.758313,1.248399,,43.09557531568,40.66809849423,61.55238112287,0.91454,1
40.62688661782,61.56251509715,465677607126403840,0.8933,0.0349,2.859,-1.912,2.126,31,1.451,,1.032,15.932628,16.526894,15.183023,1.34387,,43.11290432802,40.62690446642,61.56250564907,0.925395,1
40.69136481434,61.56893359801,465677675845867648,0.8656,0.0928,2.638,-1.722,1.998,31,1.391,,1.157,17.519747,18.273203,16.594242,1.678961,,43.1060590257,40.69138088892,61.56892471703,0.8966240000000001,1
40.66312196013,61.58751698452,465677744565327744,0.9952,0.0362,2.861,-1.795,2.228,31,1.428,,1.04,15.984213,16.634426,15.188224,1.446202,,43.12853658378,40.66313872879,61.58750708364,1.026545,1
40.75414351379,61.58304854775,465677813285041408,0.8816,0.0274,2.779,-1.696,2.201,31,1.477,,1.088,15.355595,15.870112,14.666848,1.203264,,43.1065756098,40.75415935072,61.58303876339,0.91438,1
40.76960400479,61.59265833557,465677847644777600,0.8966,0.0128,2.707,-1.859,1.967,31,1.641,,0.874,10.723887,10.88822,10.417494,0.470726,,43.11229297339,40.76962137487,61.59264959276,0.915675,1
40.73253701854,61.58711913594,465677882004273664,0.908,0.0133,2.921,-1.871,2.243,31,1.61,,0.948,12.831567,13.047798,12.47445,0.573348,,43.11452755131,40.73255449435,61.58710916692,0.933181,1
40.79552589614,61.59933056393,465677950723990656,0.8751,0.0188,2.625,-1.849,1.863,31,1.65,,1.119,11.079696,11.225976,10.800414,0.425562,,43.11328331671,40.7955431776,61.59932228601,0.916877,1
40.80748226797,61.62135371712,465677985083726080,0.8559,0.0795,2.685,-1.58,2.171,31,1.36,,1.009,17.379776,18.30039,16.429623,1.870768,,43.13099993516,40.80749704201,61.62134406937,0.888732,1
40.72783804405,61.60208451904,465678088162689280,0.9679,0.0349,2.618,-1.435,2.19,31,1.469,,1.182,15.355937,15.895382,14.652089,1.243293,,43.12908029567,40.72785145067,61.6020747864,1.000762,1
40.76984360891,61.62863213875,465678255657333376,0.8613,0.0142,2.954,-2.147,2.029,31,1.503,,1.062,13.686877,14.131483,13.064002,1.067481,,43.14501205881,40.76986369328,61.62862312224,0.894856,1
40.77108178473,61.63614883369,465678259961632384,0.9037,0.0179,2.728,-1.737,2.104,31,1.503,,1.051,14.280374,14.728704,13.656887,1.071817,-32.33,43.15161516477,40.77109803432,61.6361394825,0.936871,1
40.72900485341,61.64115657816,465678294321083904,0.8921,0.0154,2.42,-1.419,1.961,31,1.531,,0.99,13.922999,14.301574,13.366527,0.935047,,43.16443256171,40.72901813139,61.64114786385,0.925315,1
40.4939762207,61.49954401866,465678397400455808,0.8473,0.0263,2.618,-1.652,2.031,31,1.458,,1.016,15.334758,15.897508,14.612381,1.285127,,43.08179990421,40.49399160406,61.49953499217,0.880321,1
40.4709516521,61.50488758974,465678461815126784,0.9553,0.1035,2.473,-1.613,1.875,31,1.351,,0.971,17.956642,18.896854,17.014462,1.882393,,43.09121437821,40.47096668244,61.5048792583,0.983425,1
40.47967741584,61.50953224154,465678466120088192,0.8632,0.0314,2.586,-1.761,1.894,31,1.425,,1.024,15.693132,16.361105,14.893825,1.46728,,43.09371675254,40.47969382745,61.50952382498,0.896623,1
40.4992274181,61.5088934576,465678569199138176,0.9599,0.0981,2.596,-1.83,1.842,31,1.374,,0.939,17.711449,18.577156,16.816359,1.760798,,43.08927209122,40.49924446634,61.50888527261,0.989655,1
40.50413654213,61.53725241831,465678603558853888,0.8314,0.1497,3.045,-2.007,2.289,31,1.334,,0.987,18.516605,19.604578,17.477358,2.12722,,43.11411367695,40.50415526121,61.53724224459,0.853334,1
40.47894824556,61.54247882525,465678805412586880,0.9336,0.1863,2.411,-1.513,1.877,31,1.279,,1.022,18.836012,20.225409,17.699034,2.526375,,43.1238447413,40.47896235675,61.54247048162,0.952355,1
40.49083166722,61.53861559169,465678809717284992,0.9231,0.0453,3.228,-2.1,2.452,31,1.416,,1.006,16.510748,17.214094,15.695479,1.518615,,43.11798178889,40.49085124944,61.53860469476,0.952489,1
40.56792142784,61.54965361345,465678947146339456,0.9039,0.104,2.386,-1.436,1.906,95,,1.3267,0.97,17.888521,18.60846,16.895662,1.712797,,43.11281511903,40.56793482297,61.54964514182,0.943474,1
40.56286672997,61.54713961378,465678947156221184,0.8459,0.0397,2.688,-1.732,2.055,31,1.44,,1.019,16.198364,16.829142,15.427484,1.401658,,43.11152340906,40.56288289077,61.5471304818,0.874464,1
40.59901539729,61.56355905136,465679080294588800,0.8527,0.1264,2.483,-1.465,2.004,31,1.366,,0.96,18.195427,19.127111,17.220913,1.906198,,43.11934493637,40.59902906782,61.5635501428,0.877397,1
40.51024530611,61.55115568233,465679187664522880,1.0118,0.9072,2.583,-1.676,1.965,95,,1.4365,1.07,20.560137,21.410524,19.53254,1.877985,,43.12556129656,40.510260944,61.5511469492,1.051917,1
40.49148306787,61.57146557342,465679256393853056,0.856,0.0245,2.653,-1.685,2.049,31,1.487,,1.009,15.027546,15.515988,14.3681,1.147888,,43.14774782323,40.49149880198,61.57145646775,0.88885,1
40.5452699116,61.58580790429,465679325113312000,0.8781,0.0118,2.852,-1.827,2.191,31,1.56,,1.036,13.207631,13.519079,12.725912,0.793167,,43.1501897934,40.54528697401,61.5857981674,0.911723,1
40.55678359825,61.59845125363,465679359473034752,0.8624,0.0266,2.687,-1.716,2.068,31,1.472,,0.98,15.416821,15.938807,14.725573,1.213235,,43.15942755595,40.55679962968,61.59844206164,0.895185,1
40.4335114171,61.56130184337,465679599991252864,0.9002,0.0133,2.665,-1.818,1.95,31,1.612,,1.037,12.73337,12.94624,12.380005,0.566236,,43.14994979297,40.43352838023,61.5612931787,0.925203,1
40.3677700434,61.55881506146,465679737430217856,0.8966,0.0151,2.918,-2.077,2.049,31,1.542,,0.985,13.835112,14.187573,13.309807,0.877767,,43.16068811906,40.36778942441,61.55880595401,0.929813,1
40.39450037545,61.5691208581,465679874864615296,0.8957,0.8188,3.055,-2.135,2.185,95,,1.3059,1.16,20.521393,21.351385,19.277328,2.074057,,43.16477509506,40.3945203021,61.56911114541,0.942625,1
40.40190968973,61.59436112794,465679909228873088,0.9087,0.051,2.855,-1.968,2.069,31,1.429,,0.981,16.582937,17.2457,15.798731,1.44697,,43.18626996721,40.40192807357,61.59435193374,0.93781,1
40.48065496261,61.59159139101,465680046667820928,0.8415,0.0471,2.98,-1.97,2.235,31,1.425,,1.007,16.517487,17.186241,15.71333,1.472911,,43.16819837084,40.48067336982,61.59158145658,0.870649,1
40.44652773969,61.598465002,465680081027556608,0.8731,0.0219,2.769,-1.996,1.919,31,1.648,,1.098,11.360754,11.510828,11.080082,0.430746,-44.73,43.18118917478,40.44654638734,61.59845647142,0.926596,1
40.46232008401,61.60996344379,465680115387279872,0.8509,0.0291,2.784,-1.939,1.998,31,1.475,,0.952,15.454478,15.973568,14.763642,1.209926,,43.18853256591,40.46233821021,61.6099545655,0.88362,1
40.45412994291,61.60625176838,465680115387284480,0.8578,0.0183,2.587,-1.763,1.893,31,1.516,,0.978,14.257837,14.67074,13.667368,1.003372,,43.1867723744,40.45414641837,61.60624335558,0.890876,1
40.5092972885,61.60387657827,465680149747018112,0.8792,0.0153,2.799,-1.895,2.06,31,1.532,,0.953,13.982803,14.357298,13.432583,0.924715,,43.17372626235,40.50931499526,61.6038674228,0.912362,1
40.48733167201,61.60029713668,465680149747024640,0.892,0.0396,2.593,-1.598,2.042,31,1.43,,1.063,16.046915,16.698044,15.263342,1.434702,,43.17480216383,40.48734660701,61.60028806028,0.921866,1
40.53390201151,61.61432447411,465680184106743936,0.8934,0.0244,2.732,-1.797,2.058,31,1.483,,1.036,15.184004,15.678583,14.504638,1.173945,,43.17838283708,40.53391881148,61.61431532668,0.926189,1
40.50425071128,61.62933612241,465680252826209408,0.9082,0.012,2.727,-1.992,1.862,31,1.615,,0.997,12.488205,12.695923,12.139746,0.556177,,43.19788738732,40.50426934275,61.62932784804,0.932704,1
40.43816322769,61.6214600039,465680317241661824,0.8571,0.0352,2.891,-1.844,2.227,31,1.455,,0.91,15.891758,16.46872,15.159381,1.309339,,43.20375946895,40.43818047193,61.62145010833,0.889845,1
40.46210810006,61.61352755669,465680321545706368,0.8473,0.1964,3.051,-1.864,2.415,95,,1.324,0.937,18.826515,19.892702,17.767591,2.125111,,43.19181694887,40.46212552569,61.61351682432,0.8717750000000001,1
40.39261739692,61.61567559889,465680351604917888,0.8873,0.0825,2.978,-2.123,2.088,31,1.391,,1.034,17.390846,18.185677,16.505377,1.6803,,43.20749328847,40.39263724746,61.61566631913,0.918425,1
40.41278726481,61.61574518175,465680355905448960,0.8729,0.055,2.841,-1.997,2.02,31,1.394,,1.047,16.657871,17.435587,15.790021,1.645566,,43.20357191972,40.41280593221,61.61573620185,0.903191,1
40.39461287169,61.61639071714,465680355905450496,0.912,0.0236,2.898,-1.791,2.279,31,1.485,,1.009,15.052426,15.544111,14.387019,1.157092,,43.20774943058,40.3946296178,61.61638058961,0.944836,1
40.47072692918,61.62378669831,465680424624911360,0.8786,0.0204,2.754,-1.84,2.049,31,1.507,,0.999,14.61184,15.04816,13.999983,1.048177,,43.19944978173,40.4707441372,61.62377759084,0.911506,1
40.47760194938,61.63557404346,465680458984636416,0.8665,0.097,2.846,-1.962,2.061,31,1.385,,0.971,17.659752,18.501362,16.775557,1.725805,,43.20881741115,40.47762030562,61.63556488336,0.8963070000000001,1
40.45086074553,61.65201515202,465680523400155008,0.933,0.0827,2.797,-1.837,2.109,31,1.398,,1.022,17.386282,18.158888,16.548527,1.610361,,43.22904817003,40.45087794035,61.6520057787,0.963824,1
40.60957984785,61.58625655387,465680562063882752,0.9579,0.0625,2.717,-1.843,1.997,31,1.409,,1.062,17.04738,17.775988,16.226503,1.549484,,43.13792707516,40.60959705857,61.58624768007,0.988002,1
40.62407179111,61.58356802317,465680562063883392,0.887,0.0278,2.715,-1.713,2.106,31,1.472,,1.017,15.431856,15.957903,14.729981,1.227922,,43.13262610185,40.6240877912,61.58355866343,0.919785,1
40.61507446784,61.57111861022,465680562063898240,0.8964,0.0227,2.74,-1.901,1.973,31,1.469,,1.054,14.946733,15.482945,14.245221,1.237723,-28.6,43.12306366995,40.61509221588,61.57110984036,0.929484,1
40.63502241315,61.58179585017,465680596423622016,0.923,0.0211,2.927,-1.976,2.159,31,1.489,,0.977,14.840691,15.320115,14.183127,1.136988,,43.12885695778,40.6350408663,61.5817862541,0.955949,1
40.60196506634,61.60211872441,465680660838835840,1.0435,0.1002,2.699,-1.839,1.976,31,1.38,,0.992,17.85711,18.698214,16.954563,1.74365,,43.15386606288,40.60198224778,61.60210994321,1.071401,1
40.60787507056,61.61066574538,465680665143074816,0.8441,0.0283,2.744,-1.589,2.237,31,1.446,,0.962,15.432889,16.039452,14.681979,1.357472,,43.16048278774,40.60788992121,61.61065580132,0.877216,1
40.63933427807,61.60739678271,465680699502811776,0.7686,0.0244,2.714,-1.85,1.987,31,1.627,,1.372,11.119629,11.301908,10.785125,0.516783,-52.54,43.15131614367,40.63935156634,61.6073879535,0.812148,1
40.65049407803,61.61229098848,465680733862544000,0.9316,0.0181,2.691,-1.939,1.866,31,1.57,,1.321,12.816925,13.109027,12.357605,0.751422,,43.15357663928,40.65051220729,61.6122826953,0.954472,1
40.56904817697,61.60345754018,465680836941778176,0.8522,0.0143,2.551,-1.715,1.889,31,1.5,,1.011,13.75987,14.212943,13.131204,1.081739,,43.16156751743,40.56906420658,61.60344914666,0.885721,1
40.60313929811,61.6111993467,465680871301505152,0.8485,0.0379,2.518,-1.717,1.842,31,1.46,,1.236,15.724251,16.281214,14.996381,1.284833,,43.16190072684,40.60315534825,61.61119115786,0.881271,1
40.56348941083,61.61275088523,465680905661246976,0.9146,0.0113,2.934,-2.049,2.1,31,1.607,,0.924,12.382089,12.603161,12.011738,0.591423,-43.18,43.17112085204,40.56350856559,61.61274155059,0.938217,1
40.60378672945,61.62277413382,465680974370710784,0.9617,0.5429,2.657,-1.74,2.008,95,,1.4178,1.036,20.244404,21.329723,19.27854,2.051184,,43.17230919673,40.60380300217,61.62276520834,0.994423,1
40.61063073705,61.63130694666,465680974380700672,0.9547,0.0642,2.865,-2.012,2.04,31,1.408,,1.029,17.048304,17.786942,16.207668,1.579273,,43.17872922938,40.61064955639,61.63129788171,0.984834,1
40.68415865916,61.62774384141,465681107515618176,0.8945,0.016,2.622,-1.93,1.775,31,1.571,,1.346,12.527074,12.720049,11.97177,0.748279,-67.88,43.16102754644,40.6841767125,61.62773595379,0.916075,1
40.67799781281,61.63061976496,465681111819646720,0.8769,0.016,2.413,-1.582,1.822,31,1.524,,0.912,14.153468,14.548478,13.58319,0.965288,,43.16485669689,40.67801260881,61.63061166505,0.909997,1
40.68481334989,61.62748487607,465681111820993024,0.929,0.0263,3.0,-1.645,2.509,95,,1.5299,1.351,14.146092,13.842165,13.029568,0.812597,-76.73,43.16066310937,40.68482873158,61.62747372631,0.962117,1
40.7116505346,61.63978366694,465681146179371648,0.9073,0.0175,2.681,-1.672,2.097,31,1.599,,1.379,13.177848,13.414307,12.790262,0.624044,,43.1665896552,40.71166617398,61.63977434813,0.940781,1
40.69787302136,61.63416468804,465681146179379584,0.8831,0.0228,2.809,-1.657,2.269,31,1.499,,1.022,14.848529,15.303499,14.181464,1.122035,69.19,43.16417929172,40.69788851887,61.63415460488,0.915938,1
40.65999831083,61.62784848154,465681180539128064,0.9143,0.0914,2.558,-1.678,1.931,31,1.383,,0.987,17.650263,18.511662,16.76722,1.744442,,43.16587153093,40.66001400466,61.62783990035,0.944297,1
40.67018156876,61.6529689012,465681214898840832,0.8501,0.0499,2.781,-1.706,2.196,31,1.436,,1.012,16.605446,17.237797,15.826139,1.411657,,43.18673961405,40.67019754227,61.65295914061,0.8790779999999999,1
40.67507081924,61.64389783762,465681214898849280,0.895,0.0293,3.003,-1.902,2.324,31,1.474,,1.025,15.522564,16.047697,14.834126,1.213572,,43.17752073794,40.67508861795,61.64388750775,0.927697,1
40.7161778789,61.66275484251,465681283618304128,0.9636,0.0705,2.658,-1.768,1.984,31,1.401,,0.985,17.23428,17.974758,16.385094,1.589665,,43.18661675224,40.71619443792,61.66274602546,0.994162,1
40.6764999414,61.66091657948,465681317978049536,0.9066,0.0176,3.026,-1.611,2.561,31,1.513,,1.034,14.348477,14.772078,13.74728,1.024797,,43.19273375248,40.67651502736,61.66090519703,0.939635,1
40.64158753317,61.65960385695,465681386697530624,0.9013,0.0401,2.716,-1.697,2.12,31,1.454,,1.075,15.921066,16.502459,15.180784,1.321674,,43.19839853965,40.641603423,61.65959443494,0.933583,1
40.65187979198,61.66364753793,465681421057265536,0.9386,0.0271,2.738,-1.678,2.163,31,1.479,,1.01,15.292343,15.799717,14.612516,1.187201,,43.20005669371,40.65189550888,61.66363792634,0.971362,1
40.66841970152,61.66822992197,465681524136473216,0.8755,0.0356,2.784,-1.918,2.018,31,1.461,,1.0,15.941475,16.4945,15.213209,1.28129,,43.20097858814,40.66843766371,61.66822095228,0.907223,1
40.67908666955,61.68556026049,465681558496196480,0.9054,0.0149,2.72,-1.778,2.058,31,1.61,,1.11,12.737552,12.955578,12.377832,0.577745,,43.21465998757,40.67910332817,61.68555111398,0.930277,1
40.65812553509,61.69261976676,465681592845814400,0.9145,0.0355,2.568,-1.664,1.956,31,1.464,,1.029,15.934658,16.462547,15.194801,1.267746,,43.2252017901,40.65814113036,61.69261107129,0.946328,1
40.5793904477,61.65432511887,465681833374141824,0.9169,0.0223,2.693,-1.711,2.079,31,1.472,,0.995,14.954094,15.482734,14.256557,1.226176,,43.20582638028,40.57940646527,61.65431587778,0.949922,1
40.53672231996,61.66369379815,465681867733876736,0.8535,0.1109,2.831,-1.836,2.155,95,,1.3358,1.044,17.773685,18.529749,16.802818,1.726931,,43.22275087801,40.53673950893,61.66368421995,0.8933840000000001,1
40.55904912115,61.67203914154,465681902083535872,0.905,0.1686,3.016,-1.843,2.387,31,1.339,,1.003,18.639095,19.733517,17.619064,2.114452,,43.22594922482,40.55906638079,61.6720285316,0.925244,1
40.5730377244,61.66846184422,465681902093899008,0.8858,0.0254,2.761,-1.665,2.203,31,1.486,,0.961,15.180207,15.667101,14.515823,1.151277,,43.21994126889,40.57305331657,61.66845205299,0.918546,1
40.50604343752,61.64698846491,465681936453373440,0.8448,0.0154,2.837,-1.908,2.1,31,1.602,,1.016,12.967931,13.202035,12.589917,0.612118,,43.21359499395,40.50606129084,61.64697913356,0.872652,1
40.48155981997,61.66632076077,465682005172835328,0.9094,0.0124,2.596,-1.961,1.701,31,1.596,,0.968,12.190246,12.431761,11.793074,0.638687,-45.11,43.23600815392,40.48157817977,61.66631320002,0.932262,1
40.47296949027,61.65380902147,465682005172847488,0.8779,0.0221,2.822,-1.946,2.045,31,1.492,,0.962,14.885021,15.356849,14.236008,1.120841,,43.22631979181,40.47298770198,61.65379993401,0.910761,1
40.52708617499,61.68423248426,465682103948024320,0.8644,0.0171,2.979,-2.316,1.874,31,1.631,,1.285,11.910837,12.088751,11.595915,0.492836,-63.53,43.24333509081,40.52710787644,61.68422415476,0.912236,1
40.51838123658,61.69556098214,465682172667500160,0.9079,0.0151,2.822,-1.885,2.099,31,1.625,,1.105,12.417963,12.610109,12.090364,0.519745,,43.25535509701,40.5183989097,61.69555165199,0.932938,1
40.51912026422,61.69184057787,465682176971499520,0.8494,0.0249,2.861,-1.979,2.066,31,1.652,,1.182,11.375448,11.51923,11.100998,0.418232,,43.25182500539,40.51913881496,61.69183139511,0.903475,1
40.59529911326,61.67977083811,465682207027399296,1.0258,0.2104,2.967,-1.87,2.304,31,1.301,,1.018,18.887056,20.117092,17.790365,2.326727,,43.22585372977,40.59531663069,61.67976059997,1.043368,1
40.57080525627,61.69017608813,465682275746896128,0.8605,0.09,2.72,-1.856,1.988,31,1.397,,1.023,17.528337,18.328,16.671108,1.656891,,43.24013961499,40.57082264948,61.69016725177,0.891181,1
40.60862504198,61.69851042994,465682310106654720,0.9387,0.1045,2.711,-1.86,1.973,31,1.373,,0.955,17.882551,18.745426,16.983618,1.761808,,43.24028772023,40.60864247887,61.69850166163,0.966616,1
40.54166696636,61.69797468956,465682550628175872,0.9111,0.1121,2.764,-1.821,2.08,31,1.371,,1.041,17.916336,18.797394,17.001577,1.795816,,43.25296788416,40.54168403374,61.6979654444,0.938728,1
40.60104181172,61.732761395,465682658007798912,0.8407,0.0604,2.593,-1.703,1.955,31,1.418,,0.996,16.912848,17.610956,16.100187,1.510769,,43.2729452005,40.6010577958,61.73275270405,0.870386,1
40.58123149173,61.73781580451,465682692367535488,0.984,0.0209,2.906,-1.844,2.245,31,1.51,,1.175,14.267221,14.654222,13.570225,1.083998,,43.28143620319,40.58124880406,61.73780582574,1.017083,1
40.577551057,61.73713878275,465682692367536384,0.8596,0.0193,2.827,-1.899,2.094,31,1.346,,1.045,8.076518,9.079157,7.095086,1.984071,-44.05,43.2815434564,40.57756888158,61.73712947495,0.89164,1
39.96362681206,61.51007251354,465684375994978304,0.8843,0.0953,2.693,-1.886,1.922,31,1.382,,1.058,17.5348,18.362276,16.655594,1.706682,,43.19667794972,39.96364438873,61.51006397104,0.915582,1
40.15049636488,61.51631307238,465685234988413696,0.8864,0.0146,2.6,-1.798,1.878,31,1.584,,0.966,12.984966,13.247961,12.563036,0.684925,,43.16513484535,40.15051312238,61.51630472476,0.914483,1
40.29496954929,61.57453250046,465685750384425984,0.9165,0.0358,2.84,-1.953,2.062,31,1.428,,1.015,15.925976,16.589544,15.134325,1.455219,,43.18939534883,40.29498778419,61.57452333575,0.949151,1
40.26430311522,61.59954989479,465685952238289280,0.8578,0.0392,2.709,-1.871,1.959,31,1.439,,1.014,16.144718,16.761812,15.379853,1.381959,,43.21821646659,40.26432059805,61.59954118934,0.886318,1
40.22439828633,61.59471617865,465685990902583808,0.8456,0.0843,2.946,-2.08,2.086,31,1.366,,1.0,17.52257,18.389772,16.583977,1.805796,,43.22173081068,40.22441772007,61.59470690556,0.8778980000000001,1
40.08216178191,61.58514062908,465686536353808640,0.9754,0.3982,2.606,-1.616,2.044,95,,1.2876,1.046,19.788664,20.738855,18.629295,2.10956,,43.24126766391,40.08217687567,61.58513154268,1.003528,1
40.18674954589,61.63812899765,465687056054438528,0.9225,0.0418,2.827,-1.845,2.141,31,1.451,,0.999,16.167458,16.757483,15.428297,1.329185,,43.2686520035,40.18676681167,61.63811948076,0.950836,1
40.17514605156,61.63463251961,465687056054444416,0.9196,0.1016,2.626,-1.773,1.937,31,1.368,,1.025,17.932634,18.843805,17.016102,1.827703,,43.26777531064,40.17516263374,61.63462390932,0.947178,1
40.00700415526,61.57026958503,465687880688238592,0.9459,0.0431,2.622,-1.825,1.883,31,1.43,,1.016,16.373032,17.028296,15.583885,1.44441,,43.24271198924,40.00702119257,61.57026121772,0.974793,1
40.07089663554,61.64676491418,465689972328188032,0.8935,0.1028,2.539,-1.799,1.792,31,1.371,,1.019,17.85305,18.732609,16.934715,1.797894,,43.29948804092,40.07091347039,61.64675694756,0.921831,1
40.08101250932,61.65198603669,465690010991937920,0.8064,0.0752,2.636,-1.705,2.01,31,1.395,,0.999,17.31807,18.073555,16.463673,1.609882,,43.30222152241,40.08102847215,61.65197710468,0.837279,1
40.13126739711,61.6546606696,465690045351933056,0.9012,0.0158,2.758,-2.215,1.644,31,1.602,,1.029,12.916321,13.147526,12.536429,0.611096,,43.29467644444,40.13128813314,61.65465336411,0.92681,1
40.12597781208,61.66342396171,465690148430873472,0.881,0.0175,2.846,-1.951,2.073,31,1.514,,0.994,14.296043,14.714553,13.700611,1.013942,,43.30368720624,40.12599607775,61.66341474974,0.914026,1
40.07752437735,61.66602200995,465690212846399360,0.8554,0.051,2.676,-1.805,1.976,31,1.422,,0.996,16.674763,17.335865,15.874823,1.461042,,43.31566332065,40.07754127581,61.66601322991,0.8847510000000001,1
40.07785263305,61.68193479873,465690388949030656,0.9954,0.035,2.672,-1.616,2.128,31,1.463,,1.218,15.502363,16.05525,14.783927,1.271323,,43.33005133185,40.07786777144,61.68192534235,1.02819,1
40.28798932251,61.59287167233,465691625899670400,0.9185,0.013,2.707,-1.977,1.85,31,1.627,,0.889,10.694064,10.882345,10.355472,0.526874,,43.2074531221,40.2880077879,61.59286345042,0.938254,1
40.33105956362,61.60126399998,465691660259396864,0.9001,0.0199,2.733,-1.85,2.012,31,1.491,,1.05,14.616358,15.091016,13.967484,1.123532,,43.20655836813,40.33107684881,61.60125505851,0.93314,1
40.30575457865,61.59950835666,465691660259401088,0.8651,0.0418,2.807,-1.997,1.972,31,1.435,,1.012,16.26717,16.901817,15.493635,1.408182,,43.20997001867,40.30577324319,61.59949959117,0.8937999999999999,1
40.33269341491,61.6133321987,465691763338601984,0.8695,0.0129,2.666,-1.904,1.866,31,1.574,,0.962,13.346927,13.630963,12.899014,0.731949,,43.217209246,40.33271120995,61.61332390343,0.90292,1
40.27127908013,61.61080218828,465691896473382016,0.8598,0.1294,2.687,-1.703,2.078,31,1.335,,0.978,18.292784,19.26056,17.332367,1.928192,,43.22706447926,40.2712950014,61.61079295078,0.884567,1
40.37583856704,61.62785680059,465692106935963520,0.9572,0.1009,2.792,-1.934,2.014,31,1.381,,0.975,17.65993,18.434656,16.778778,1.655878,,43.22188735408,40.37585665396,61.62784785068,0.987184,1
40.40034916978,61.63975799956,465692141295687808,0.8421,0.0631,2.816,-1.826,2.143,31,1.413,,1.038,17.04477,17.73649,16.231445,1.505045,,43.22786906612,40.40036625757,61.63974847297,0.8720629999999999,1
40.45049602466,61.66036053955,465692278734616448,0.894,0.0169,2.625,-1.695,2.005,31,1.522,,0.919,14.188067,14.58816,13.611327,0.976832,,43.23671116846,40.45051189099,61.66035163037,0.927063,1
40.35990887416,61.67371133795,465692480589154432,0.9477,0.1023,2.842,-1.75,2.239,31,1.385,,1.121,17.603403,18.41669,16.733234,1.683456,,43.26673185507,40.35992526874,61.67370138887,0.978106,1
40.35660052109,61.68196594608,465692583668388480,0.9323,0.1015,2.707,-1.972,1.855,31,1.389,,1.106,17.544037,18.361359,16.678852,1.682507,,43.27489060703,40.35661899333,61.68195770251,0.963155,1
40.33015794137,61.67738439391,465693236510878720,0.8278,0.1538,2.46,-1.647,1.828,31,1.33,,0.995,18.528164,19.566525,17.526026,2.040499,,43.27594882077,40.33017336735,61.67737626953,0.849719,1
40.34116510159,61.71390491316,465693446965684736,0.8676,0.0137,2.596,-1.693,1.968,31,1.568,,0.986,13.524228,13.820375,13.065829,0.754546,,43.30697561284,40.34118098347,61.71389616608,0.900867,1
40.31533740477,61.72972502226,465693653124105088,0.9042,0.0222,2.625,-1.859,1.853,31,1.49,,0.944,14.774139,15.250464,14.124585,1.125878,-52.75,43.32645595626,40.31535485171,61.72971678691,0.937114,1
40.45314843056,61.68236634117,465693751899492736,1.0154,0.1441,2.462,-1.564,1.902,31,1.343,,1.014,18.355396,19.390835,17.35594,2.034895,,43.2562040127,40.45316308649,61.68235788964,1.039053,1
40.42610555288,61.67939717873,465693820618808064,0.9119,0.0124,2.789,-2.01,1.932,31,1.617,,0.938,12.34504,12.54983,11.999325,0.550506,-66.57,43.25883637766,40.4261243863,61.67938858993,0.936154,1
40.47046935762,61.72221518488,465693996721479168,0.816,0.0626,2.945,-1.989,2.171,31,1.424,,1.099,16.765596,17.418228,15.923892,1.494336,,43.28903426935,40.47048802082,61.72220553562,0.8453849999999999,1
40.4299709997,61.71318887121,465694061137199232,0.9459,0.1256,2.777,-1.898,2.027,31,1.318,,1.071,18.093403,19.223888,17.047207,2.176681,,43.28880499016,40.42998879932,61.71317986041,0.974261,1
40.52219046943,61.72866743852,465694305959115264,0.9286,0.0846,2.854,-1.706,2.287,31,1.398,,1.013,17.420637,18.183825,16.57331,1.610514,,43.28472211647,40.52220647984,61.72865727305,0.959455,1
40.54468957313,61.77625610661,465694546477250432,0.9628,0.0652,2.774,-1.686,2.204,31,1.407,,1.021,17.046154,17.778336,16.227764,1.550571,,43.32358615508,40.54470541371,61.77624631214,0.992956,1
40.52362367727,61.77418458995,465694748331683200,0.901,0.0894,2.732,-1.622,2.198,31,1.382,,0.999,17.604593,18.443653,16.716528,1.727125,,43.32584220167,40.52363892197,61.77417482272,0.931532,1
40.50565913129,61.7843743736,465694821355155328,0.8964,0.0207,2.791,-1.773,2.155,31,1.497,,1.025,14.814943,15.274859,14.164726,1.110133,-62.38,43.33864131661,40.5056757989,61.78436479467,0.92922,1
40.38540475291,61.71585551085,465694855715262976,0.9083,0.0168,2.911,-1.871,2.231,31,1.531,,1.018,13.999979,14.375842,13.446248,0.929594,,43.30001809661,40.38542230205,61.71584559692,0.941414,1
40.45930218574,61.77688910565,465695435526822656,0.9625,0.0809,2.655,-1.842,1.912,31,1.401,,1.116,17.249964,17.985037,16.378658,1.606379,,43.3409529728,40.45931949754,61.77688060772,0.993071,1
40.41260085603,61.81351745287,465695714708344832,0.9176,0.0784,2.688,-1.877,1.925,31,1.401,,1.034,17.405912,18.18097,16.550568,1.630402,,43.38344583961,40.41261851391,61.81350889901,0.94832,1
40.12720162192,61.72334762197,465696333183724416,0.8537,0.0447,2.926,-1.996,2.139,31,1.409,,0.977,16.362547,17.079176,15.526817,1.552359,,43.35787845688,40.12722034528,61.72333811415,0.883131,1
40.23978849469,61.73300754923,465696539342132480,0.9374,0.0513,2.819,-1.959,2.026,31,1.432,,0.975,16.546337,17.187876,15.764921,1.422955,,43.34436782634,40.23980688336,61.73299854265,0.96639,1
40.20190520426,61.73559043592,465696569401435136,0.9065,0.0911,2.844,-1.929,2.09,31,1.398,,1.016,17.559351,18.349651,16.687525,1.662127,,43.3542077621,40.2019233061,61.73558114493,0.93682,1
40.20087345595,61.72643995488,465696573701882368,0.8542,0.034,2.806,-1.9,2.065,31,1.461,,0.929,15.83064,16.38176,15.115932,1.265827,,43.34609836082,40.20089128225,61.72643077766,0.8868419999999999,1
40.25063956043,61.73905619989,465696638117612928,0.8902,0.193,2.948,-2.017,2.151,31,1.328,,1.092,18.62985,19.737856,17.603447,2.134409,,43.34771880297,40.2506584899,61.73904664171,0.910845,1
40.21187647314,61.77726867071,465696986018702848,0.9622,0.0178,2.676,-1.774,2.004,31,1.51,,1.061,14.200022,14.627293,13.593457,1.033835,,43.39009976423,40.21189314341,61.77725976367,0.995292,1
40.14683692406,61.8290158613,465698046866989696,0.8994,0.1755,2.72,-1.91,1.937,31,1.287,,0.939,18.747519,20.222078,17.6293,2.592779,,43.44995794373,40.14685490582,61.82900725387,0.919462,1
40.26600875847,61.81271772137,465698463487913216,0.9404,0.0994,3.033,-1.813,2.431,31,1.366,,1.041,17.666979,18.556446,16.739407,1.817039,,43.41161241044,40.26602581819,61.81270691533,0.971067,1
40.33373458087,61.84175320868,465699013243220608,1.026,0.0385,2.73,-1.847,2.01,31,1.452,,1.03,16.037275,16.625448,15.292371,1.333077,,43.4246391335,40.33375197456,61.84174427504,1.055642,1
40.34752873347,61.86687790282,465699116312185088,0.8668,0.1975,3.041,-1.997,2.293,95,,1.338,0.995,18.780602,19.752445,17.722912,2.029533,,43.44475227701,40.34754755666,61.86686771122,0.8907430000000001,1
40.36126656468,61.88498886275,465699215097697664,0.8797,0.0549,2.701,-1.744,2.062,31,1.425,,1.086,16.665634,17.330374,15.860227,1.470147,,43.45850481549,40.36128301587,61.88497969905,0.908949,1
40.1997923866,61.84498058671,465699356840609792,0.9173,0.027,2.856,-1.816,2.204,31,1.477,,0.997,15.210553,15.719127,14.528643,1.190484,,43.45399161774,40.19980948756,61.84497079015,0.950046,1
40.26990578713,61.84816505983,465699421256538368,0.9031,0.0939,2.688,-1.868,1.933,31,1.381,,0.992,17.708502,18.587675,16.822248,1.765427,,43.44304682387,40.26992338472,61.84815647005,0.93256,1
40.22700467083,61.84342299097,465699455616272640,0.9986,0.2009,3.002,-1.949,2.283,95,,1.25,1.003,18.911678,20.230192,17.814453,2.415739,,43.44720411165,40.22702302328,61.84341284209,1.029962,1
40.1871668903,61.84344407098,465699562999041536,0.9377,0.0278,2.72,-1.798,2.041,31,1.483,,1.096,15.130303,15.613747,14.44041,1.173337,,43.45508986138,40.18718382481,61.84343499979,0.970428,1
40.28541580418,61.87191887283,465699833573409920,1.0193,0.069,2.856,-1.998,2.041,31,1.418,,1.1,16.930481,17.648249,16.1204,1.527849,,43.46156759929,40.28543464359,61.87190980229,1.048987,1
40.28555787667,61.87969233428,465699837876933632,0.9017,0.0509,2.743,-1.893,1.985,31,1.43,,1.048,16.654799,17.313374,15.864187,1.449186,,43.46860110614,40.28557572609,61.87968351003,0.930818,1
41.56200750701,61.26620942689,465701173606246400,0.9121,0.014,2.457,-1.524,1.926,31,1.638,,1.012,12.059366,12.227597,11.760761,0.466836,,42.65947873639,41.56202159827,61.26620086469,0.94902,1
41.26728594384,61.36978530253,465706121408521600,0.8358,0.0837,2.624,-1.728,1.974,31,1.392,,1.037,17.497313,18.274294,16.640074,1.63422,,42.81157655562,41.2673019732,61.36977652728,0.866988,1
41.3456584014,61.39614745433,465706469305358080,0.8988,0.0245,2.646,-1.737,1.996,31,1.486,,0.954,15.191481,15.675936,14.526388,1.149548,,42.82036192009,41.3456745306,61.39613858479,0.931673,1
41.4246159825,61.42768134297,465706572384552704,0.9494,0.0218,2.951,-1.968,2.198,31,1.488,,1.117,14.767535,15.251089,14.106897,1.144192,,42.833792309,41.42463427498,61.42767157268,0.9825,1
41.5628681701,61.494063954,465707976834708992,0.8579,0.0956,2.695,-1.695,2.096,31,1.358,,1.003,17.761198,18.685932,16.831923,1.85401,,42.86760223865,41.56288395396,61.49405463889,0.887939,1
41.94713541066,61.55642612376,465711863784356224,0.8744,0.0221,2.655,-1.565,2.145,31,1.483,,1.01,14.795115,15.296274,14.125607,1.170667,-68.41,42.8504610531,41.94715001306,61.55641659129,0.907524,1
41.66929006111,61.58717204652,465714475115577984,0.8475,0.561,2.724,-1.749,2.089,95,,1.2795,1.002,20.044775,21.059969,19.118614,1.941355,,42.93210524058,41.66930639363,61.58716276293,0.877761,1
41.27340070626,61.4302781819,465718117256653056,0.8601,0.0162,2.67,-1.784,1.986,31,1.575,,1.382,13.35042,13.626608,12.898256,0.728352,,42.8656195255,41.27341728813,61.4302693565,0.8936299999999999,1
41.21480483149,61.42636068456,465718254695612160,0.918,0.0113,2.805,-1.575,2.321,31,1.614,,0.923,12.369166,12.580373,12.012688,0.567685,-53.53,42.87347938581,41.21481946737,61.42635037077,0.942184,1
41.16715077116,61.42569798296,465718289055353088,0.8658,0.0359,2.74,-1.789,2.076,31,1.454,,1.012,16.034071,16.615803,15.305149,1.310654,,42.88218474671,41.16716739085,61.42568875825,0.89561,1
41.30786664072,61.4788134044,465718697073043072,0.9763,0.111,2.73,-1.494,2.285,31,1.362,,1.049,18.005123,18.94338,17.079807,1.863573,,42.90321553477,41.30788054526,61.47880325092,1.003318,1
41.27894468759,61.47874538648,465718907530610816,0.8598,0.0495,2.618,-1.573,2.093,31,1.425,,0.997,16.72136,17.393135,15.931494,1.461641,,42.90878815153,41.27895932909,61.47873608298,0.8891600000000001,1
41.09948809141,61.46856371901,465719319847489536,0.9214,0.0112,2.412,-1.399,1.965,31,1.563,,0.945,12.605408,12.914029,12.129367,0.784662,-45.29,42.93452905718,41.09950111058,61.46855498687,0.94287,1
41.20695071739,61.5469485313,465720110121416704,0.8699,0.0329,2.678,-1.729,2.044,31,1.464,,1.051,15.847774,16.397919,15.136721,1.261198,,42.98506877308,41.20696684845,61.54693944531,0.902613,1
41.35881929037,61.48693727839,465720144481181568,0.9681,0.0533,2.703,-1.616,2.166,31,1.417,,1.014,16.83231,17.531763,16.01529,1.516474,,42.90071459522,41.35883433718,61.48692765139,0.997775,1
41.41902419662,61.56727462523,465721003474582528,0.8986,0.0184,2.751,-1.754,2.119,31,1.509,,1.051,14.433631,14.860579,13.814853,1.045726,-37.81,42.96237680186,41.41904057175,61.56726520774,0.931686,1
41.25249014417,61.58900384151,465721725029358976,0.8919,0.0244,2.744,-1.734,2.127,31,1.483,,0.962,15.211091,15.707394,14.538469,1.168924,,43.01457591876,41.25250634069,61.58899438926,0.924728,1
41.37338286657,61.59795443486,465721931179825024,0.98,1.1358,2.723,-1.801,2.042,95,,1.284,1.09,20.699965,21.297585,19.641605,1.655979,,42.99924779705,41.37339969462,61.59794535766,1.032749,1
41.30813876691,61.59764297993,465722064327681920,0.8538,0.0251,2.615,-1.713,1.976,31,1.478,,1.013,15.228408,15.73772,14.549329,1.188391,,43.01163732086,41.30815477103,61.59763419973,0.886672,1
41.05255995875,61.51367181607,465722652742090752,0.8717,0.0197,2.706,-1.863,1.962,31,1.503,,1.002,14.679751,15.124392,14.056518,1.067874,,42.98485434825,41.05257732108,61.51366309674,0.904669,1
41.04656188167,61.55021345768,465722824540758912,0.8327,0.0157,2.677,-1.757,2.02,31,1.55,,1.037,12.973217,13.309591,12.465864,0.843727,,43.01935316593,41.04657827029,61.55020447912,0.859173,1
41.13456554788,61.56939819158,465723099410057216,0.8809,0.0569,2.655,-1.711,2.03,31,1.422,,1.053,16.883118,17.554436,16.087263,1.467173,,43.01966548059,41.1345815194,61.56938916931,0.91047,1
41.02974186309,61.56742513372,465723614814967936,0.8627,0.0337,2.684,-1.741,2.043,31,1.466,,1.003,15.851207,16.39761,15.143051,1.254559,,43.03833616569,41.02975811279,61.56741605368,0.895366,1
40.99926839881,61.59102994566,465723889684034688,0.8222,0.0472,2.921,-1.756,2.335,31,1.417,,1.003,16.535875,17.183992,15.6044,1.579593,,43.06581512673,40.99928480433,61.59101956938,0.8515900000000001,1
40.99075112364,61.58965875356,465723889692626688,0.9111,0.0143,2.733,-1.722,2.122,31,1.555,,1.076,13.802278,14.128141,13.303386,0.824756,,43.06623036861,40.99076721203,61.58964932339,0.94429,1
41.07463992611,61.61238307689,465724198930251904,0.8607,0.0227,2.835,-1.735,2.242,31,1.492,,1.051,14.861914,15.335998,14.212507,1.12349,-45.03,43.07056184176,41.07465614629,61.61237311364,0.8936270000000001,1
41.17329614631,61.60480636468,465724817405538048,0.8819,0.0157,2.587,-1.637,2.003,31,1.534,,0.941,14.049088,14.421359,13.5005,0.920859,,43.04441407221,41.17331144773,61.60479746328,0.915042,1
41.16535503211,61.63708011948,465725023563950848,0.8744,0.0144,2.843,-1.849,2.159,31,1.553,,1.039,13.797722,14.127262,13.297586,0.829677,,43.07539990791,41.1653723324,61.63707052202,0.907603,1
41.12365877773,61.67294718567,465726054347393792,0.907,0.1398,2.546,-1.525,2.039,95,,1.3219,1.029,18.05772,,,,,43.11623111534,41.12367306057,61.67293812236,0.94456,1
41.20511170534,61.70646608949,465726397953435776,0.9078,0.102,2.954,-2.115,2.062,95,,1.3627,1.099,17.486755,18.149057,16.523825,1.625233,,43.13095035729,41.20513153786,61.70645692594,0.947238,1
41.14665116585,61.7321351471,465726672822595840,0.9067,0.0335,2.615,-1.647,2.031,31,1.462,,0.992,15.604994,16.161406,14.888306,1.2731,,43.16572501161,41.14666661823,61.73212612004,0.939505,1
41.41654405833,61.61716159491,465727841053812608,0.9139,0.1529,2.773,-1.889,2.03,31,1.361,,0.963,18.485544,19.455502,17.484755,1.970747,,43.0084089545,41.41656171559,61.61715257285,0.935438,1
41.50650962244,61.70030907468,465728523956091136,0.8715,0.1665,2.617,-1.653,2.029,31,1.33,,1.036,18.364487,19.430138,17.386541,2.043596,,43.06690855826,41.50652511913,61.70030005691,0.895553,1
41.3745334249,61.71590416722,465731375814421760,0.9236,0.0782,2.541,-1.555,2.01,31,1.395,,0.994,17.211615,17.947062,16.343555,1.603506,,43.10668453657,41.37454800827,61.71589523394,0.954385,1
41.26829636776,61.71578830864,465731478893630208,0.8959,0.105,2.744,-1.741,2.121,31,1.375,,1.03,17.73346,18.605669,16.825256,1.780413,,43.12718048785,41.26831269907,61.71577887994,0.925365,1
41.21419507328,61.74226807107,465732513986840832,0.8532,0.0603,2.542,-1.486,2.062,31,1.394,,1.05,16.829603,17.600603,15.96726,1.633343,,43.16183756833,41.21420902062,61.74225890556,0.883659,1
41.50144381248,61.83622121193,465734163247074944,0.8594,1.1097,2.696,-1.747,2.053,95,,1.293,1.028,20.599445,21.09401,19.737722,1.356287,,43.19196068445,41.50146026612,61.83621208541,0.908983,1
41.38977385154,61.81723820967,465734438132132864,0.9063,0.0133,2.613,-1.655,2.022,31,1.572,,1.038,13.236144,13.522821,12.77766,0.745161,,43.19620125883,41.38978942583,61.81722922134,0.939833,1
41.3864845003,61.81708075842,465734438132133504,0.8594,0.0243,2.747,-1.723,2.139,31,1.483,,0.997,14.968605,15.462275,14.293715,1.168559,,43.19669355988,41.38650071722,61.81707125288,0.8923080000000001,1
40.88109001593,61.59419402219,465770790737380736,0.8673,0.1282,2.81,-1.801,2.158,95,,1.3584,1.039,18.107851,,,,,43.09182765381,40.88110684152,61.59418443284,0.898944,1
40.95130699135,61.60438608547,465770855156167168,1.02,0.1362,2.764,-1.818,2.082,31,1.303,,1.013,18.255028,19.51195,17.180119,2.331831,,43.08736978265,40.95132398364,61.60437683118,1.047017,1
40.88930959175,61.62493197008,465771134334760960,0.9147,0.0306,2.715,-1.856,1.981,31,1.471,,1.071,15.660806,16.168436,14.905521,1.262915,,43.11822718836,40.88932694918,61.62492316468,0.947377,1
40.90134684292,61.61715758984,465771134334761984,0.8154,0.0559,3.059,-1.718,2.531,31,1.404,,1.054,16.777899,17.519909,15.939942,1.579967,,43.10878635187,40.90136290361,61.61714633892,0.845425,1
40.90523551798,61.63593813341,465771168694496768,0.9339,0.0572,2.767,-1.871,2.038,31,1.421,,0.974,16.876886,17.556358,16.075586,1.480772,,43.1251388987,40.90525302167,61.63592907372,0.963482,1
40.88462453599,61.64140243326,465771203054234752,0.91,0.0141,2.712,-1.863,1.97,31,1.643,,0.891,10.609158,10.768263,10.310573,0.45769,-45.44,43.13415173718,40.88464197187,61.64139367868,0.929341,1
40.943475927,61.6410041687,465771340493186176,0.8548,0.0527,2.599,-1.823,1.852,31,1.421,,0.984,16.731224,17.408737,15.929899,1.478838,,43.12227529837,40.94349298697,61.64099593682,0.88425,1
41.00817473777,61.64792118159,465771404912277760,0.8889,0.2189,3.063,-1.881,2.417,95,,1.3438,1.039,18.965385,19.902822,17.923014,1.979809,,43.11593730584,41.00819234288,61.64791043791,0.909527,1
41.00426332537,61.64458097536,465771409212659840,0.8477,0.0357,2.583,-1.575,2.048,31,1.456,,1.007,15.964689,16.541183,15.236541,1.304643,,43.11365643054,41.00427805979,61.64457187302,0.878996,1
41.02895792768,61.66633226366,465771443572391808,0.8958,0.0429,2.744,-1.695,2.158,31,1.441,,0.956,16.351297,16.968536,15.586961,1.381576,,43.12866292481,41.02897379924,61.66632267119,0.924472,1
41.01082760013,61.66249371341,465771443572394112,0.8555,0.013,2.829,-1.881,2.113,31,1.574,,0.981,13.529905,13.814806,13.081656,0.733151,,43.12870259672,41.01084521396,61.66248432445,0.888791,1
40.9087641141,61.66053207788,465771615371089280,0.9347,0.0637,2.607,-1.775,1.91,31,1.416,,0.969,17.045057,17.74778,16.238106,1.509674,,43.14685848957,40.90878073049,61.66052359042,0.964577,1
40.92079570675,61.65539198955,465771615371090176,0.8554,0.0303,2.722,-1.661,2.156,31,1.466,,1.009,15.681173,16.220625,14.976895,1.24373,,43.13982175232,40.9208112548,61.65538240618,0.8881220000000001,1
40.86124771951,61.63679050159,465771095671761536,0.9918,0.075,2.746,-1.819,2.057,31,1.405,,1.011,17.309406,18.05609,16.463877,1.592213,,43.13452676885,40.86126473964,61.63678135872,1.022287,1
40.81211919554,61.62787058357,465771821529529728,0.8729,0.0154,2.812,-1.937,2.039,31,1.556,,1.11,13.730077,14.054297,13.236403,0.817895,,43.13602719671,40.81213731269,61.62786152294,0.90612,1
40.81410287841,61.63539344954,465771885945742336,1.0441,0.1128,2.889,-1.932,2.148,31,1.37,,1.02,18.049477,18.97633,17.12612,1.85021,,43.14249107819,40.81412095108,61.63538390273,1.070287,1
40.85625089245,61.65908187028,465771954665247104,1.0239,0.1268,2.828,-1.981,2.017,31,1.359,,0.98,18.216188,19.136122,17.266792,1.86933,,43.15581337738,40.85626944306,61.65907290432,1.048613,1
40.85765284317,61.6554071562,465771958968475904,0.8802,0.0323,2.696,-1.901,1.912,31,1.47,,1.086,15.644106,16.180336,14.943097,1.237239,,43.15219122623,40.8576706357,61.65539865737,0.912887,1
40.84676477159,61.64728002477,465771958968478720,0.8865,0.0196,2.758,-1.688,2.181,31,1.508,,0.975,14.639861,15.075275,14.030222,1.045054,-28.65,43.14691955037,40.84678056999,61.64727033225,0.919397,1
40.84101298854,61.66000273948,465772027687952128,0.9138,0.1153,2.572,-1.446,2.127,31,1.361,,0.989,18.068695,18.955297,17.131548,1.823749,,43.15963597772,40.84102653139,61.65999328794,0.940135,1
40.78013826731,61.66626031023,465772199486462464,0.8792,0.014,2.557,-1.739,1.874,31,1.553,,1.002,13.678328,14.008001,13.175846,0.832155,,43.17726290857,40.78015455354,61.66625198046,0.912465,1
40.80615709916,61.68196552995,465772302565854848,0.8451,0.0533,2.298,-1.494,1.746,31,1.433,,1.055,16.636774,17.284271,15.869277,1.414994,,43.18646761323,40.8061710943,61.68195777058,0.874168,1
40.80113909234,61.67525176747,465772302565856512,0.8886,0.0264,2.789,-1.866,2.072,31,1.485,,1.018,15.323049,15.816672,14.658179,1.158493,,43.18133604667,40.80115657601,61.67524255977,0.921285,1
40.80721148688,61.69253822381,465772332619932416,0.8955,0.1564,2.672,-1.679,2.078,31,1.34,,0.973,18.484043,19.515562,17.506155,2.009407,,43.19589012594,40.80722722566,61.69252898804,0.917658,1
40.88327932851,61.67167935419,465772366982135040,0.8946,0.0362,2.684,-1.729,2.053,31,1.459,,1.029,15.995631,16.558783,15.27245,1.286333,,43.16200013324,40.88329551855,61.6716702293,0.925143,1
40.89222565805,61.67083062118,465772371285331456,0.8292,0.0355,2.658,-1.701,2.042,31,1.459,,1.001,15.937858,16.505686,15.21567,1.290016,,43.15947671998,40.89224159228,61.67082154372,0.8610450000000001,1
40.86962340672,61.69169037527,465772440004803712,0.8893,0.0258,2.421,-1.672,1.751,31,1.483,,1.008,15.184522,15.679311,14.516417,1.162894,,43.18290171917,40.8696390788,61.69168259163,0.922087,1
40.89562264258,61.70375471524,465772474364538752,0.8763,0.0138,2.51,-1.736,1.813,31,1.565,,0.997,13.671949,13.972997,13.19858,0.774417,,43.18880771288,40.89563891937,61.70374665556,0.909498,1
40.90621441285,61.70672651819,465772577443753216,1.047,0.0657,2.768,-1.741,2.152,95,,1.4211,1.058,16.997139,,,,,43.18944475053,40.90623073574,61.70671695511,1.077893,1
40.85489309539,61.69866465847,465772646163232896,0.9078,0.0207,2.757,-2.135,1.746,31,1.484,,1.012,14.710314,15.204568,14.044705,1.159863,-30.44,43.19213650091,40.85491310583,61.69865690049,0.940851,1
40.88676804633,61.71251803941,465772783602183040,0.8611,0.0274,2.585,-1.889,1.766,31,1.482,,1.063,15.232609,15.72979,14.558661,1.171129,,43.19852188071,40.88678575925,61.71251019186,0.893865,1
41.06750089688,61.72442947917,465773161559294080,1.012,0.0592,2.931,-1.801,2.312,31,1.411,,1.036,16.825901,17.550734,15.988687,1.562047,,43.17410654001,41.06751779374,61.72441920288,1.041826,1
40.97072835245,61.72091780171,465774020552759552,0.8648,0.0153,2.718,-1.767,2.065,31,1.6,,1.033,13.000316,13.234422,12.622148,0.612274,,43.18977505484,40.97074492444,61.72090862344,0.894003,1
41.00906086014,61.7560538603,465774192351438080,0.9053,0.0426,2.834,-1.887,2.114,31,1.452,,1.105,16.127655,16.68295,15.351335,1.331614,,43.21431594035,41.00907858429,61.75604446521,0.933598,1
40.98186913606,61.76247423728,465774261070913664,0.8131,0.0316,2.856,-1.832,2.191,31,1.46,,1.019,15.61882,16.184406,14.899857,1.284549,,43.22546694109,40.98188634241,61.7624644989,0.845904,1
40.92316161267,61.75184567671,465774295430712192,0.8982,0.0247,2.766,-1.861,2.046,31,1.497,,1.066,14.998067,15.459086,14.360448,1.098639,,43.2272378247,40.9231790914,61.75183658489,0.930942,1
40.88339510852,61.75513613724,465774359844544512,0.9373,0.1406,2.658,-1.879,1.88,31,1.349,,1.049,18.31233,19.334888,17.359116,1.975773,,43.23800115445,40.88341275385,61.75512778133,0.961253,1
41.04598716477,61.83160835576,465775016985129472,0.9088,0.0146,2.734,-1.865,2.0,31,1.614,,0.966,12.752641,12.962236,12.403663,0.558574,,43.2759715927,41.04600472005,61.83159946782,0.933941,1
40.74179331512,61.6819281617,465775120064223232,0.9431,0.0373,2.522,-1.492,2.033,31,1.456,,1.067,15.980385,16.5556,15.242364,1.313235,,43.19904887175,40.74180729296,61.68191912703,0.974018,1
40.76706551005,61.69007918542,465775154423959936,0.8894,0.0211,2.783,-1.69,2.211,31,1.497,,0.964,14.84794,15.310367,14.211817,1.09855,,43.20151618555,40.76708134822,61.69006935728,0.922245,1
40.75260951729,61.70213486957,465775223143434624,0.8816,0.0174,2.728,-1.86,1.996,31,1.657,,0.996,9.749821,9.884574,9.481258,0.403316,-35.46,43.21532701076,40.75262695574,61.70212599764,0.903211,1
40.79234700695,61.69239708181,465775253197693952,0.8132,0.0691,2.783,-1.804,2.119,31,1.383,,1.037,16.998539,17.834425,16.096851,1.737574,,43.19867311345,40.79236391679,61.69238766323,0.8443240000000001,1
40.76430709378,61.69605808848,465775257503173888,0.8344,0.0485,2.57,-1.597,2.014,31,1.438,,0.992,16.555132,17.196463,15.791108,1.405355,,43.20750113179,40.76432206734,61.69604913893,0.863291,1
40.7886871871,61.70454429561,465775287557372928,0.9236,0.0126,2.787,-1.813,2.116,31,1.63,,0.947,12.447268,12.630696,12.135097,0.4956,,43.21045197644,40.78870418397,61.70453488951,0.949079,1
40.81107875036,61.70543810724,465775291863087104,0.9186,0.0248,2.591,-1.715,1.941,31,1.491,,1.038,15.133956,15.612918,14.481807,1.131111,,43.20688104765,40.81109483486,61.70542947951,0.951326,1
40.72224686866,61.69600424214,465775394942128640,0.899,0.0137,2.814,-1.858,2.114,31,1.559,,0.979,13.637059,13.954863,13.149132,0.805731,,43.21569849138,40.72226428308,61.69599484872,0.932252,1
40.71989176191,61.710954591,465775429301863808,0.9251,0.0312,2.768,-1.812,2.092,31,1.471,,1.028,15.663794,16.198967,14.968844,1.230123,,43.22977125725,40.71990875772,61.71094529138,0.957738,1
40.72770175498,61.72280023198,465775532381076352,0.8736,0.0164,2.84,-1.848,2.156,31,1.533,,0.971,14.066134,14.437981,13.516758,0.921223,,43.23902404555,40.72771909522,61.72279064868,0.906671,1
40.7907266388,61.72398840016,465775738539503872,0.8619,0.0644,2.384,-1.558,1.804,31,1.414,,1.194,16.716549,17.411024,15.881662,1.529362,,43.22775860915,40.7907412535,61.72398038097,0.891525,1
40.79377884964,61.72220569746,465775738539504512,0.8542,0.015,2.542,-1.727,1.866,31,1.554,,1.01,13.792179,14.120043,13.296432,0.82361,,43.22553768544,40.79379505067,61.72219740424,0.887351,1
40.77193141253,61.74070484691,465775940392494208,0.878,0.1611,2.558,-1.82,1.798,95,,1.3414,1.019,18.507225,19.482449,17.48205,2.000399,,43.24665958932,40.77194849769,61.74069685713,0.905789,1
40.75497407092,61.74412043742,465776013417406848,0.8946,0.0222,2.729,-1.622,2.195,31,1.487,,1.017,14.934325,15.422833,14.269949,1.152883,,43.25309004713,40.75498929963,61.7441106832,0.927471,1
40.82517419022,61.78741849336,465776116496600064,0.9144,0.016,2.716,-1.828,2.009,31,1.527,,0.95,14.100908,14.486799,13.536502,0.950297,,43.27877656012,40.82519137462,61.78740956577,0.947475,1
40.82623455099,61.77671744276,465776116496605184,0.8253,0.0459,2.771,-1.781,2.123,31,1.449,,1.05,16.394596,16.989195,15.649586,1.339609,,43.26882550431,40.82625128632,61.77670800595,0.8538530000000001,1
40.67663636283,61.72250653153,465776219575844736,0.901,0.0145,2.864,-1.991,2.058,31,1.555,,0.996,13.719945,14.04431,13.226148,0.818162,,43.24877149199,40.67665504492,61.72249738292,0.934196,1
40.6719844569,61.71524755996,465776219575846656,0.8751,0.0581,2.754,-1.806,2.078,31,1.423,,1.024,16.817835,17.498413,16.02781,1.470604,,43.24307719888,40.67200139948,61.71523832306,0.904563,1
40.70052156694,61.74556928059,465776357014791936,0.8164,0.0524,2.721,-1.874,1.973,31,1.429,,0.988,16.762478,17.418318,15.977059,1.441258,,43.26507888832,40.70053916348,61.74556051338,0.845662,1
40.718622996,61.75042487208,465776387069101568,0.979,0.1645,2.552,-1.754,1.855,31,1.276,,1.051,18.58412,20.01208,17.446661,2.565418,,43.26595070448,40.71863946197,61.75041662931,1.002237,1
40.63254370687,61.78038352253,465776696312000896,0.9477,0.1428,2.478,-1.593,1.898,31,1.34,,1.031,18.353933,19.329128,17.355621,1.973507,,43.31009250428,40.63255867667,61.78037508723,0.971488,1
40.66542193005,61.78688298333,465776734971901312,0.9391,0.0242,2.641,-1.783,1.949,31,1.484,,1.033,15.063801,15.554559,14.399295,1.155264,,43.30955923719,40.66543868977,61.78687432259,0.971905,1
40.66261405156,61.78214372691,465776734971903360,0.8761,0.1365,2.627,-1.791,1.922,31,1.343,,1.011,18.319515,19.2979,17.372637,1.925263,,43.30579705782,40.66263088653,61.78213518297,0.900197,1
40.7205958071,61.77462941402,465776838051118208,0.9345,0.0199,2.642,-1.755,1.974,31,1.499,,0.994,14.632548,15.088106,13.994459,1.093647,,43.28759602425,40.72061230171,61.77462063964,0.967434,1
40.77446236317,61.7956322655,465776906770581760,0.8976,0.0117,2.607,-1.721,1.958,31,1.607,,1.006,13.051916,13.272968,12.687223,0.585745,,43.29617037918,40.77447854778,61.79562356478,0.929083,1
40.68003025915,61.80163428617,465777108623670784,0.8616,0.0708,2.663,-1.762,1.998,31,1.401,,0.985,17.257133,18.020407,16.427654,1.592753,,43.32011980873,40.68004682938,61.80162540787,0.892178,1
40.93137257308,61.80759272376,465777486580806912,0.9073,0.1355,2.685,-1.627,2.136,31,1.36,,1.036,18.231544,19.08175,17.22765,1.854101,,43.27641570209,40.93138787712,61.80758323081,0.931801,1
40.89014084312,61.80916326968,465777525246048896,0.9614,0.1063,2.488,-1.698,1.818,31,1.367,,0.959,17.903225,18.768837,17.008072,1.760765,,43.28588946086,40.89015681441,61.80915518837,0.989353,1
40.84704921585,61.78252977528,465777593967106432,0.8953,0.0208,2.638,-1.806,1.923,95,,1.6321,0.884,10.867579,11.018289,10.576168,0.442121,,43.27005011765,40.84706619503,61.78252123079,0.922597,1
40.8231523025,61.81701806665,465777692739054592,0.9172,0.0123,3.106,-1.971,2.401,31,1.61,,1.005,12.306809,12.524998,11.941587,0.58341,,43.30612155604,40.82317084671,61.81700739635,0.940791,1
40.83546630444,61.81620381524,465777697044547328,0.9094,0.0486,2.968,-1.787,2.37,31,1.438,,1.083,16.374674,16.996374,15.607452,1.388922,,43.30297479654,40.8354831167,61.81619328065,0.938122,1
40.84911872431,61.81246875454,465777697044547840,0.8843,0.0126,2.646,-1.756,1.979,31,1.591,,1.019,13.31144,13.562264,12.908852,0.653413,,43.29690764664,40.84913524868,61.81245995807,0.917647,1
40.94536415019,61.85152009436,465778070696435840,0.8715,0.0562,2.77,-1.733,2.161,31,1.437,,1.076,16.603338,17.246609,15.844564,1.402044,,43.31369763955,40.94538047703,61.85151048915,0.90044,1
40.88833812345,61.83841922504,465778208135362048,0.9683,0.0626,2.919,-1.644,2.412,31,1.398,,1.01,16.909864,17.68554,16.04076,1.644779,,43.31288298536,40.88835360099,61.8384085037,0.99866,1
40.81594412338,61.85653618483,465778624757458944,0.8632,0.0404,2.754,-1.704,2.164,31,1.457,,1.02,16.050577,16.6247,15.325365,1.299335,,43.3435054486,40.81596017584,61.8565265657,0.892493,1
40.80208504397,61.84772576004,465778624757465728,0.8876,0.0152,2.65,-1.735,2.003,31,1.547,,0.957,13.812451,14.155062,13.299848,0.855214,,43.3381919488,40.80210139212,61.8477168576,0.92074,1
40.87393097995,61.87541976902,465778998409417344,1.0158,0.1273,2.867,-1.643,2.35,31,1.358,,1.053,18.086191,19.022888,17.158619,1.864269,,43.34938252276,40.87394646649,61.87540932645,1.042065,1
41.10779390838,61.80315124958,465779861708248704,0.8337,0.1191,3.028,-1.973,2.297,31,1.331,,1.029,18.040358,19.133898,17.043295,2.090603,,43.2380199931,41.10781246807,61.80314104122,0.861935,1
41.00887794806,61.99878411003,465785767278193408,0.8707,0.5403,2.997,-1.921,2.3,95,,1.3593,1.009,20.12176,20.769651,19.382963,1.386688,,43.43545599752,41.00889613249,61.998773887,0.902805,1
40.58824088681,61.77261527486,465788314203740544,0.8461,0.0644,2.666,-1.662,2.085,31,1.414,,1.017,17.007868,17.703352,16.196503,1.506849,,43.3117196651,40.58825650175,61.77260600962,0.875991,1
40.59094280286,61.79508390939,465788417282947200,0.8462,0.0696,2.853,-1.802,2.212,31,1.399,,1.042,17.146328,17.892744,16.298517,1.594227,,43.33162959159,40.59095975283,61.79507407976,0.876748,1
40.6176535055,61.800520919,465788451642682368,0.8537,0.2951,2.777,-2.091,1.827,95,,1.4476,1.31,18.887228,19.19371,17.65136,1.542351,,43.33133498818,40.61767317206,61.8005127986,0.86942,1
40.58960668449,61.80696735057,465788520356372992,0.8196,0.5332,2.817,-1.86,2.115,95,,1.2527,1.016,20.18514,21.448446,19.044685,2.403761,,43.34270194386,40.58962418638,61.8069579504,0.854125,1
40.5935191389,61.81534767168,465788726520582784,0.851,0.1031,2.915,-2.164,1.953,31,1.363,,1.013,17.774517,18.670403,16.853096,1.817306,,43.34955750656,40.59353950507,61.81533899297,0.880611,1
40.64739361822,61.87177541441,465789310636096000,0.9833,0.0396,2.852,-1.552,2.392,31,1.425,,1.065,16.036766,16.704792,15.236662,1.46813,,43.39032880608,40.64740824475,61.8717647812,1.01346,1
40.55253379271,61.84333319813,465789581208764288,0.9402,0.0826,2.755,-1.888,2.006,31,1.386,,0.988,17.484446,18.292377,16.609882,1.682495,,43.38305327196,40.55255157852,61.84332428363,0.971642,1
40.54147853482,61.8676379063,465789649934604928,0.8291,0.205,2.876,-1.76,2.274,31,1.314,,1.01,18.866657,19.959179,17.8303,2.12888,,43.40732459797,40.54149512608,61.86762779876,0.8468009999999999,1
40.64976301458,61.89493380283,465790852518896384,0.8587,0.0129,2.343,-1.667,1.647,31,1.581,,0.975,13.165039,13.435192,12.731202,0.70399,,43.41093097253,40.64977873918,61.89492648473,0.892186,1
40.79690524837,61.97678990101,465791509659269504,0.9533,0.0435,2.801,-1.758,2.18,31,1.45,,1.076,16.06011,16.653315,15.314509,1.338805,,43.45666222629,40.79692188039,61.97678021101,0.982453,1
40.52032716872,61.94610688321,465793498218681856,0.8723,0.4723,2.737,-1.706,2.14,95,,1.3072,1.018,20.049181,21.40465,18.83023,2.574419,,43.48281417768,40.52034328967,61.94609737297,0.903118,1
40.50960053043,61.95572178668,465793498219208704,0.889,0.079,2.769,-1.785,2.117,31,1.405,,0.996,17.241575,17.992605,16.402927,1.589678,,43.49365644016,40.50961740399,61.95571237726,0.919407,1
40.40171021499,61.9477034211,465793983560482048,0.9117,0.0283,2.898,-2.072,2.027,31,1.456,,1.136,15.138302,15.709438,14.406429,1.303009,,43.50753813894,40.40172979701,61.94769441382,0.944705,1
40.53722040884,61.98650069147,465795216206200192,0.9445,0.121,3.047,-1.995,2.304,31,1.358,,1.046,18.105728,19.034296,17.165024,1.869272,,43.51622268908,40.53723928785,61.9864904531,0.970541,1
40.4833523871,62.00166826213,465796006480220672,0.9344,0.0844,2.819,-1.865,2.113,31,1.387,,1.034,17.44478,18.275818,16.56369,1.712128,,43.54055855516,40.48337004385,62.00165886997,0.965753,1
40.4443110514,62.01310372309,465796079504479232,0.9102,0.0303,2.833,-1.855,2.142,31,1.466,,0.981,15.395099,15.940777,14.68596,1.254817,,43.558600832,40.44432861678,62.01309420318,0.942934,1
40.72144911807,62.15567999003,465802539135190400,0.8923,0.0236,2.907,-1.92,2.183,31,1.484,,1.039,14.874985,15.368364,14.207024,1.161341,,43.63405764988,40.72146738715,62.15567028791,0.925108,1
39.74756853452,61.60721810144,465876481290243200,0.852,0.0176,2.975,-2.027,2.178,31,1.604,,1.017,11.666484,11.893052,11.280544,0.612508,-31.57,43.32801824906,39.74758747953,61.60720842283,0.904025,1
39.70170647327,61.61411524677,465876584369458176,0.879,0.0214,2.958,-2.084,2.1,31,1.481,,1.004,14.740179,15.243764,14.063481,1.180283,,43.34344757257,39.70172595394,61.6141059142,0.912011,1
39.84035424462,61.70638380254,465878779090666368,0.945,0.0885,2.933,-2.007,2.139,31,1.375,,1.024,17.575466,18.428988,16.67711,1.751877,,43.39947675014,39.84037306303,61.70637429739,0.976197,1
39.86791792241,61.82768684838,465880570099034624,0.8662,0.0346,2.666,-1.699,2.054,31,1.446,,0.933,15.862966,16.468922,15.109903,1.359018,,43.50404144497,39.86793391742,61.82767771793,0.899002,1
39.83966950429,61.83228935375,465880638818511104,0.9221,0.0709,3.02,-1.804,2.422,31,1.387,,1.042,17.154474,17.985922,16.271969,1.713953,,43.51383100494,39.83968648841,61.83227859112,0.953165,1
39.49102764074,61.75881214711,465881978848172416,0.8828,0.0275,2.792,-1.981,1.967,31,1.46,,1.036,15.26399,15.826325,14.541434,1.284891,,43.51679912163,39.49104624937,61.75880340359,0.915689,1
40.03875998562,61.81659140583,465885311737953408,0.8385,0.3837,2.822,-1.668,2.276,95,,1.2562,1.014,19.930841,21.022326,18.801273,2.221052,,43.46007103021,40.03877568172,61.81658129029,0.867147,1
39.93846262382,61.79984648366,465885410520548736,0.8952,0.1094,2.922,-1.827,2.28,31,1.355,,1.014,18.023209,19.024101,17.077692,1.946409,,43.46476926437,39.93847980613,61.79983634858,0.92234,1
40.08075540454,61.81479091738,465885620975594240,0.9937,0.1747,3.06,-2.119,2.208,31,1.337,,1.066,18.602232,19.687593,17.60991,2.077684,,43.45011782238,40.08077534167,61.81478110503,1.014466,1
39.92522898191,61.8225991887,465886200794649856,0.932,0.2358,2.93,-1.864,2.261,95,,1.376,1.068,19.090727,20.01297,18.175144,1.837826,,43.48804200004,39.92524652388,61.8225891401,0.950946,1
39.90550704563,61.86546975423,465886583053232384,0.8847,0.0504,2.716,-1.893,1.947,31,1.423,,0.996,16.610521,17.287067,15.804975,1.482093,,43.53084967575,39.90552488805,61.86546109916,0.91394,1
39.87750338113,61.87261017666,465886651772707200,0.8697,0.0543,2.767,-1.894,2.017,31,1.414,,1.006,16.799002,17.515474,15.980631,1.534843,,43.54288513707,39.87752123441,61.87260121098,0.8993720000000001,1
40.00770033515,61.89163213393,465886857931118720,0.915,0.0323,2.724,-1.831,2.016,31,1.446,,1.029,15.74174,16.346943,14.986999,1.359943,,43.53432755005,40.00771760792,61.89162317196,0.947849,1
40.13829909483,61.87852237362,465887304607715840,0.9051,0.043,2.473,-1.7,1.797,31,1.436,,1.006,16.228287,16.868305,15.45175,1.416555,,43.49659640186,40.13831512466,61.87851438889,0.9337,1
40.15672270001,61.90412892761,465887510766132736,0.9064,0.0124,2.653,-1.799,1.95,31,1.596,,0.962,13.084752,13.326182,12.692304,0.633879,,43.5162053924,40.15673968075,61.90412026033,0.93917,1
39.82904131762,61.96205633729,465891152898391936,0.9195,0.0136,2.72,-1.874,1.971,31,1.566,,0.918,13.433594,13.73481,12.96541,0.7694,,43.63361140998,39.82905903917,61.96204757776,0.952745,1
39.90331739114,62.06914318525,465893592439768320,0.9084,0.0355,2.788,-1.854,2.083,31,1.438,,1.056,15.574017,16.203865,14.79958,1.404285,,43.71597745536,39.90333498161,62.06913392827,0.941404,1
39.39316004601,62.03703066475,465901289021026048,0.8896,0.0225,2.97,-2.03,2.167,31,1.464,,1.033,14.832691,15.384083,14.117809,1.266274,,43.78826947952,39.39317928851,62.0370210318,0.922578,1
39.64891268366,62.15240227968,465909294840009728,0.8991,0.0144,2.786,-1.944,1.996,31,1.554,,0.997,13.535378,13.855075,13.0348,0.820275,,43.84179162845,39.64893117584,62.15239340856,0.932254,1
40.3562774405,62.08489957036,465984336508841088,0.935,0.0698,2.723,-1.865,1.984,31,1.407,,1.082,17.11286,17.85033,16.284063,1.566267,,43.64107383988,40.35629514959,62.08489075346,0.965201,1
40.51655995822,62.13537218873,465984748825655424,0.8318,0.0223,3.015,-2.007,2.251,31,1.498,,1.031,14.682241,15.133806,14.042489,1.091317,-24.84,43.65554521053,40.51657904155,62.13536218618,0.8645889999999999,1
40.21997981277,62.13276329134,465986947848942208,0.9225,0.0185,2.767,-1.839,2.067,31,1.514,,0.964,14.237828,14.656072,13.642637,1.013434,,43.71127048632,40.21999730191,62.13275410339,0.95543,1
